id_cp_interaction,interacting_pair,partner_a,partner_b,ensembl_a,ensembl_b,source,secreted,isIntegrin,rank,SW_D8_Epi_SW_D8_Epi,SW_D8_Epi_SW_D8_Fibro,SW_D8_Fibro_SW_D8_Epi,SW_D8_Fibro_SW_D8_Fibro
CPI-SS02C509183,LTB_LTBR,simple:Q06643,simple:P36941,ENSG00000227507,ENSG00000111321,curated,FALSE,FALSE,0.25,,,,0.137
CPI-CS01103AAE5,a2b1 complex_COL3A1,complex:a2b1 complex,simple:P02461,,ENSG00000168542,curated,TRUE,TRUE,0.25,,,,2.292
CPI-SS0241A1F57,NRP2_SEMA3C,simple:O60462,simple:Q99985,ENSG00000118257,ENSG00000075223,curated,TRUE,FALSE,0.25,,,,0.355
CPI-SS0F26BB901,WNT2_FZD3,simple:P09544,simple:Q9NPG1,ENSG00000105989,ENSG00000104290,curated,TRUE,FALSE,0.25,,,,0.087
CPI-CS05426BFFA,IL1 receptor_IL1B,complex:IL1 receptor,simple:P01584,,ENSG00000125538,curated,TRUE,FALSE,0.25,,,0.166,
CPI-CS034DE5D82,a2b1 complex_COL14A1,complex:a2b1 complex,simple:Q05707,,ENSG00000187955,curated,TRUE,TRUE,0.25,,,0.283,
CPI-CS09534636D,a2b1 complex_COL4A2,complex:a2b1 complex,simple:P08572,,ENSG00000134871,curated,TRUE,TRUE,0.25,,,,0.379
CPI-SS015162AFC,IL34_CSF1R,simple:Q6ZMJ4,simple:P07333,ENSG00000157368,ENSG00000182578,curated,TRUE,FALSE,0.25,,,,0.266
CPI-SS0AB1F04A0,CSF1_CSF1R,simple:P09603,simple:P07333,ENSG00000184371,ENSG00000182578,curated,TRUE,FALSE,0.25,,,,0.306
CPI-SS0C3906934,RSPO3_LGR5,simple:Q9BXY4,simple:O75473,ENSG00000146374,ENSG00000139292,guidetopharmacology.org,TRUE,FALSE,0.25,,,,0.173
CPI-CS0028629A4,a2b1 complex_COL4A1,complex:a2b1 complex,simple:P02462,,ENSG00000187498,curated,TRUE,TRUE,0.25,,,,0.409
CPI-SS0EC50C68D,PDGFC_FLT4,simple:Q9NRA1,simple:P35916,ENSG00000145431,ENSG00000037280,guidetopharmacology.org,TRUE,FALSE,0.25,,,,0.21
CPI-SS04AC18710,CD44_HGF,simple:P16070,simple:P14210,ENSG00000026508,ENSG00000019991,IntAct,TRUE,FALSE,0.25,,0.5,,
CPI-SS0BDA6DD92,CCL5_GPR75,simple:P13501,simple:O95800,ENSG00000271503,ENSG00000119737,guidetopharmacology.org,TRUE,FALSE,0.25,,0.219,,
CPI-CS00BE13611,a2b1 complex_COL6A3,complex:a2b1 complex,simple:P12111,,ENSG00000163359,curated,TRUE,TRUE,0.25,,,,1.416
CPI-SS05D7900BF,PTN_ALK,simple:P21246,simple:Q9UM73,ENSG00000105894,ENSG00000171094,curated,TRUE,FALSE,0.25,,,0.603,
CPI-SS060B82BBC,JAG1_NOTCH2,simple:P78504,simple:Q04721,ENSG00000101384,ENSG00000134250,curated,FALSE,FALSE,0.25,,,0.155,
CPI-SS012AFC842,MDK_ALK,simple:P21741,simple:Q9UM73,ENSG00000110492,ENSG00000171094,curated,TRUE,FALSE,0.25,,,0.57,
CPI-CS061359F65,a2b1 complex_COL27A1,complex:a2b1 complex,simple:Q8IZC6,,ENSG00000196739,curated,TRUE,TRUE,0.25,,,,0.451
CPI-CS0B4E149AB,a2b1 complex_COL16A1,complex:a2b1 complex,simple:Q07092,,ENSG00000084636,curated,TRUE,TRUE,0.25,,,,0.654
CPI-SS0109FE6AE,HGF_MET,simple:P14210,simple:P08581,ENSG00000019991,ENSG00000105976,curated,TRUE,FALSE,0.25,,,0.081,
CPI-SS06D13FCD3,DSC2_DSG2,simple:Q02487,simple:Q14126,ENSG00000134755,ENSG00000046604,curated,FALSE,FALSE,0.25,0.598,,,
CPI-SS0B02B63C2,DSC2_DSG1,simple:Q02487,simple:Q02413,ENSG00000134755,ENSG00000134760,curated,FALSE,FALSE,0.25,0.612,,,
CPI-CS02566ED5C,a2b1 complex_COL6A2,complex:a2b1 complex,simple:P12110,,ENSG00000142173,curated,TRUE,TRUE,0.25,,,,1.44
CPI-CS07789F713,a2b1 complex_COL24A1,complex:a2b1 complex,simple:Q17RW2,,ENSG00000171502,curated,TRUE,TRUE,0.25,,,,0.269
CPI-SS060790CF0,EPGN_EGFR,simple:Q6UW88,simple:P00533,ENSG00000182585,ENSG00000146648,curated,TRUE,FALSE,0.25,,1.443,,
CPI-CS07D654EE6,a2b1 complex_COL5A1,complex:a2b1 complex,simple:P20908,,ENSG00000130635,curated,TRUE,TRUE,0.25,,,,1.133
CPI-CS0A7E59889,a2b1 complex_LAMC1,complex:a2b1 complex,simple:P11047,,ENSG00000135862,curated,TRUE,TRUE,0.25,,,,0.443
CPI-CS0E12590CC,a2b1 complex_FN1,complex:a2b1 complex,simple:P02751,,ENSG00000115414,curated,TRUE,TRUE,0.25,,,,1.043
CPI-SS0B329BDB7,FZD1_WNT3A,simple:Q9UP38,simple:P56704,ENSG00000157240,ENSG00000154342,InnateDB-All,TRUE,FALSE,0.25,,,,0.932
CPI-SC028CAD37D,BMP7_ACVR_1A2A receptor,simple:P18075,complex:ACVR_1A2A receptor,ENSG00000101144,,curated,TRUE,FALSE,0.25,0.11,,,
CPI-SC056627215,BMP6_ACVR_1A2A receptor,simple:P22004,complex:ACVR_1A2A receptor,ENSG00000153162,,curated,TRUE,FALSE,0.25,0.206,,,
CPI-SS04EE6599C,LTBR_LTA,simple:P36941,simple:P01374,ENSG00000111321,ENSG00000226979,InnateDB-All,TRUE,FALSE,0.25,,,0.123,
CPI-SS0A683CBC1,WNT7B_FZD10,simple:P56706,simple:Q9ULW2,ENSG00000188064,ENSG00000111432,curated,TRUE,FALSE,0.25,,,0.404,
CPI-SS052119104,AREG_EGFR,simple:P15514,simple:P00533,ENSG00000109321,ENSG00000146648,curated,TRUE,FALSE,0.25,,1.556,,
CPI-SS0178F5C45,TGFB2_TGFBR3,simple:P61812,simple:Q03167,ENSG00000092969,ENSG00000069702,curated,TRUE,FALSE,0.25,,,,0.337
CPI-CS00BF6CD40,IL13 receptor_IL4,complex:IL13 receptor,simple:P05112,,ENSG00000113520,curated,TRUE,FALSE,0.25,,,,0.137
CPI-SS0CDAC688B,CXCL2_DPP4,simple:P19875,simple:P27487,ENSG00000081041,ENSG00000197635,curated,TRUE,FALSE,0.25,,,,0.564
CPI-CS091BF99D0,ACVR_1A2A receptor_INHBA,complex:ACVR_1A2A receptor,simple:P08476,,ENSG00000122641,curated,TRUE,FALSE,0.25,,0.085,,
CPI-SS0491EECEA,CCL11_DPP4,simple:P51671,simple:P27487,ENSG00000172156,ENSG00000197635,curated,TRUE,FALSE,0.25,,,,0.726
CPI-CS073233FCC,ACVR_1A2A receptor_INHBB,complex:ACVR_1A2A receptor,simple:P09529,,ENSG00000163083,curated,TRUE,FALSE,0.25,,0.081,,
CPI-SS0FDAB7BA8,CXCL10_DPP4,simple:P02778,simple:P27487,ENSG00000169245,ENSG00000197635,curated,TRUE,FALSE,0.25,,,,0.41
CPI-SS0B1B18F2D,CXCL12_DPP4,simple:P48061,simple:P27487,ENSG00000107562,ENSG00000197635,curated,TRUE,FALSE,0.25,,,,0.358
CPI-SC00DF87C38,BMP6_ACVR1_BMPR2,simple:P22004,complex:ACVR1_BMPR2,ENSG00000153162,,curated,TRUE,FALSE,0.25,,0.249,,
CPI-SC04771EF53,BMP7_ACVR1_BMPR2,simple:P18075,complex:ACVR1_BMPR2,ENSG00000101144,,curated,TRUE,FALSE,0.25,,0.153,,
CPI-SS087B53ABF,JAM2_JAM3,simple:P57087,simple:Q9BX67,ENSG00000154721,ENSG00000166086,curated,TRUE,FALSE,0.25,,,0.129,
CPI-SS0E845281E,NRG1_EGFR,simple:Q02297,simple:P00533,ENSG00000157168,ENSG00000146648,IntAct,TRUE,FALSE,0.25,,,,1.347
CPI-SS07E5C3060,TGFA_EGFR,simple:P01135,simple:P00533,ENSG00000163235,ENSG00000146648,curated,TRUE,FALSE,0.25,,1.342,,
CPI-SS087BEB1C9,CCL4_ACKR2,simple:P13236,simple:O00590,ENSG00000275302,ENSG00000144648,curated,TRUE,FALSE,0.25,0.836,,,
CPI-SS0F6F1C29E,CCL8_ACKR2,simple:P80075,simple:O00590,ENSG00000108700,ENSG00000144648,curated,TRUE,FALSE,0.25,,,0.915,
CPI-CS00A10621C,a6b1 complex_LAMC1,complex:a6b1 complex,simple:P11047,,ENSG00000135862,curated,TRUE,TRUE,0.25,,0.375,,
CPI-SS0ACAB1835,RSPO3_LGR4,simple:Q9BXY4,simple:Q9BXB1,ENSG00000146374,ENSG00000205213,guidetopharmacology.org,TRUE,FALSE,0.25,,,0.183,
CPI-SS02B906C26,NRG1_ERBB3,simple:Q02297,simple:P21860,ENSG00000157168,ENSG00000065361,curated,TRUE,FALSE,0.25,,,0.159,
CPI-CS008C9D6E5,IL1 receptor inhibitor_IL1B,complex:IL1 receptor inhibitor,simple:P01584,,ENSG00000125538,curated,TRUE,FALSE,0.25,0.275,,,
CPI-SS067695081,LRP1_MDK,simple:Q07954,simple:P21741,ENSG00000123384,ENSG00000110492,InnateDB-All,TRUE,FALSE,0.25,,,,0.843
CPI-SS0F739D3DB,ANXA1_FPR1,simple:P04083,simple:P21462,ENSG00000135046,ENSG00000171051,guidetopharmacology.org,TRUE,FALSE,0.25,,,,0.209
CPI-SS08D0F9109,EFNB2_EPHB4,simple:P52799,simple:P54760,ENSG00000125266,ENSG00000196411,curated,FALSE,FALSE,0.25,,0.131,,
CPI-CS03465F9E1,a2b1 complex_COL6A1,complex:a2b1 complex,simple:P12109,,ENSG00000142156,curated,TRUE,TRUE,0.25,,,,1.488
CPI-CS08BFF8C2C,a2b1 complex_COL15A1,complex:a2b1 complex,simple:P39059,,ENSG00000204291,curated,TRUE,TRUE,0.25,,,,0.463
CPI-SS0D81C6C1D,WNT7B_FZD1,simple:P56706,simple:Q9UP38,ENSG00000188064,ENSG00000157240,curated,TRUE,FALSE,0.25,,,,0.538
CPI-CS0F27BD288,a2b1 complex_COL18A1,complex:a2b1 complex,simple:P39060,,ENSG00000182871,curated,TRUE,TRUE,0.25,,,,0.445
CPI-CS0DD23C021,a2b1 complex_COL11A1,complex:a2b1 complex,simple:P12107,,ENSG00000060718,curated,TRUE,TRUE,0.25,,,,0.396
CPI-SS0222DF7B4,EFNA3_EPHA1,simple:P52797,simple:P21709,ENSG00000143590,ENSG00000146904,curated,FALSE,FALSE,0.25,0.215,,,
CPI-SS09CA492BA,EFNA1_EPHA3,simple:P20827,simple:P29320,ENSG00000169242,ENSG00000044524,curated,TRUE,FALSE,0.25,,0.354,,
CPI-SS0EF309375,EFNA3_EPHA3,simple:P52797,simple:P29320,ENSG00000143590,ENSG00000044524,curated,TRUE,FALSE,0.25,,0.302,,
CPI-SS0CBCBBA83,EFNA3_EPHA2,simple:P52797,simple:P29317,ENSG00000143590,ENSG00000142627,curated,FALSE,FALSE,0.25,0.295,,,
CPI-SS0976BA7F0,CXCL12_ACKR3,simple:P48061,simple:P25106,ENSG00000107562,ENSG00000144476,guidetopharmacology.org,TRUE,FALSE,0.25,,,,0.38
CPI-SS0D5C54214,LTA_RIPK1,simple:P01374,simple:Q13546,ENSG00000226979,ENSG00000137275,MINT,TRUE,FALSE,0.25,,0.093,,
CPI-CS0DEBE7B69,IL1 receptor_IL1RN,complex:IL1 receptor,simple:P18510,,ENSG00000136689,curated,TRUE,FALSE,0.25,,,0.339,
CPI-SS0B6F0C894,DSG2_DSC3,simple:Q14126,simple:Q14574,ENSG00000046604,ENSG00000134762,curated,FALSE,FALSE,0.25,,0.138,,
CPI-SC0592EC3D0,L1CAM_a5b1 complex,simple:P32004,complex:a5b1 complex,ENSG00000198910,,curated,FALSE,TRUE,0.25,0.157,,,
CPI-SS09000F32A,DSG1_DSC3,simple:Q02413,simple:Q14574,ENSG00000134760,ENSG00000134762,curated,FALSE,FALSE,0.25,,0.152,,
CPI-CS09E9AAEA5,a2b1 complex_COL1A2,complex:a2b1 complex,simple:P08123,,ENSG00000164692,curated,TRUE,TRUE,0.25,,,,2.36
CPI-SS0E1FF5FD8,FGFR3_FGF7,simple:P22607,simple:P21781,ENSG00000068078,ENSG00000140285,InnateDB-All,TRUE,FALSE,0.25,,0.219,,
CPI-SS0F94A3DAC,SORT1_COPA,simple:Q99523,simple:P53621,ENSG00000134243,ENSG00000122218,IntAct,TRUE,FALSE,0.25,,0.349,,
CPI-CS0A15AD0C2,a2b1 complex_COL5A2,complex:a2b1 complex,simple:P05997,,ENSG00000204262,curated,TRUE,TRUE,0.25,,,,1.246
CPI-SS0BDA0E5E0,GAS6_TYRO3,simple:Q14393,simple:Q06418,ENSG00000183087,ENSG00000092445,guidetopharmacology.org,TRUE,FALSE,0.25,0.2,,,
CPI-SS06E797E50,EFNB1_EPHB2,simple:P98172,simple:P29323,ENSG00000090776,ENSG00000133216,curated,FALSE,FALSE,0.5,,0.212,,0.214
CPI-SS0ECC9DF3E,EFNB2_EPHB2,simple:P52799,simple:P29323,ENSG00000125266,ENSG00000133216,curated,FALSE,FALSE,0.5,,0.159,,0.128
CPI-SS0BF3ED143,FGFR2_FGFR3,simple:P21802,simple:P22607,ENSG00000066468,ENSG00000068078,InnateDB-All,TRUE,FALSE,0.5,0.215,,0.159,
CPI-CS0B7B96ABE,a9b1 complex_SPP1,complex:a9b1 complex,simple:P10451,,ENSG00000118785,curated,TRUE,TRUE,0.5,,0.509,,0.46
CPI-CS0C806041C,a2b1 complex_COL17A1,complex:a2b1 complex,simple:Q9UMD9,,ENSG00000065618,curated,TRUE,TRUE,0.5,,,0.348,0.327
CPI-SS027CDC2CA,INSL6_NOTCH1,simple:Q9Y581,simple:P46531,ENSG00000120210,ENSG00000148400,InnateDB-All,TRUE,FALSE,0.5,0.216,,0.218,
CPI-SS027CDC2CA,RIF1_NOTCH1,simple:Q9Y581,simple:P46531,ENSG00000080345,ENSG00000148400,InnateDB-All,TRUE,FALSE,0.5,0.251,,0.22,
CPI-SS0CCD89E02,CCL25_ACKR4,simple:O15444,simple:Q9NPB9,ENSG00000131142,ENSG00000129048,curated,TRUE,FALSE,0.5,0.082,,0.075,
CPI-CS0C432D807,a9b1 complex_VCAM1,complex:a9b1 complex,simple:P19320,,ENSG00000162692,curated,FALSE,TRUE,0.5,,0.467,,0.418
CPI-CS079D7F0BA,a5b1 complex_FBN1,complex:a5b1 complex,simple:P35555,,ENSG00000166147,curated,TRUE,TRUE,0.5,,0.754,,0.699
CPI-CS0A6AB5149,IL36 receptor_IL36B,complex:IL36 receptor,simple:Q9NZH7,,ENSG00000136696,curated,TRUE,FALSE,0.5,0.088,,0.082,
CPI-SS0AE964947,GAS6_AXL,simple:Q14393,simple:P30530,ENSG00000183087,ENSG00000167601,guidetopharmacology.org,TRUE,FALSE,0.5,,0.4,,0.337
CPI-SS08E13FAF2,ACKR2_CCL11,simple:O00590,simple:P51671,ENSG00000144648,ENSG00000172156,curated,TRUE,FALSE,0.5,,1.471,,1.118
CPI-CS04BB8F1EC,IL36 receptor_IL36RN,complex:IL36 receptor,simple:Q9UBH0,,ENSG00000136695,curated,TRUE,FALSE,0.5,0.152,,0.147,
CPI-SS0E555F91F,CCL5_ACKR2,simple:P13501,simple:O00590,ENSG00000271503,ENSG00000144648,curated,TRUE,FALSE,0.5,0.919,,0.912,
CPI-CS0D9B5AB86,IL36 receptor_IL36G,complex:IL36 receptor,simple:Q9NZH8,,ENSG00000136688,curated,TRUE,FALSE,0.5,0.23,,0.224,
CPI-SS0F1A060D4,PVR_PRR3,simple:P15151,simple:Q9NQS3,ENSG00000073008,ENSG00000204576,curated,TRUE,FALSE,0.5,0.338,,0.38,
CPI-CS0AF9D1B32,aVb1 complex_FN1,complex:aVb1 complex,simple:P02751,,ENSG00000115414,curated,TRUE,TRUE,0.5,,0.887,,0.963
CPI-SS0FD442A0E,CCL7_ACKR2,simple:P80098,simple:O00590,ENSG00000108688,ENSG00000144648,curated,TRUE,FALSE,0.5,,,1.387,1.034
CPI-SS09B2ACA25,HBEGF_EGFR,simple:Q99075,simple:P00533,ENSG00000113070,ENSG00000146648,curated,TRUE,FALSE,0.5,,1.659,,1.658
CPI-SS0C7732B91,IGF1R_IGF1,simple:P08069,simple:P05019,ENSG00000140443,ENSG00000017427,curated,TRUE,FALSE,0.5,,0.48,,0.492
CPI-CS085E95BC1,IL1 receptor inhibitor_IL1RN,complex:IL1 receptor inhibitor,simple:P18510,,ENSG00000136689,curated,TRUE,FALSE,0.5,0.448,,0.31,
CPI-SS082ABF1EA,EFNB2_EPHB3,simple:P52799,simple:P54753,ENSG00000125266,ENSG00000182580,curated,FALSE,FALSE,0.5,0.314,,0.283,
CPI-SS0C700EC0B,NOV_NOTCH1,simple:P48745,simple:P46531,ENSG00000136999,ENSG00000148400,InnateDB-All,TRUE,FALSE,0.5,0.257,0.142,,
CPI-CS0F25E6DB5,a2b1 complex_COL8A1,complex:a2b1 complex,simple:P27658,,ENSG00000144810,curated,TRUE,TRUE,0.5,,,0.294,0.347
CPI-SS087E0E3FB,EFNB2_EPHA4,simple:P52799,simple:P54764,ENSG00000125266,ENSG00000116106,curated,FALSE,FALSE,0.5,0.276,,0.245,
CPI-SS03446CB39,EFNB1_EPHA4,simple:P98172,simple:P54764,ENSG00000090776,ENSG00000116106,curated,FALSE,FALSE,0.5,0.329,,0.331,
CPI-SS0055264F3,EGFR_TGFB1,simple:P00533,simple:P01137,ENSG00000146648,ENSG00000105329,MINT,TRUE,FALSE,0.5,,,1.35,1.365
CPI-SS063F6EED4,SORT1_GRN,simple:Q99523,simple:P28799,ENSG00000134243,ENSG00000030582,MINT,TRUE,FALSE,0.5,0.137,0.152,,
CPI-SS0322F3EA0,TGFBR3_TGFB1,simple:Q03167,simple:P01137,ENSG00000069702,ENSG00000105329,curated,TRUE,FALSE,0.5,,,0.202,0.217
CPI-SS09D9D6811,EFNB1_EPHB4,simple:P98172,simple:P54760,ENSG00000090776,ENSG00000196411,curated,FALSE,FALSE,0.5,,0.184,,0.186
CPI-SS0659DBE72,EFNA4_EPHA4,simple:P52798,simple:P54764,ENSG00000243364,ENSG00000116106,curated,TRUE,FALSE,0.5,0.234,,0.225,
CPI-SS00D3CD86E,TTR_DDR1,simple:P02766,simple:Q08345,ENSG00000118271,ENSG00000204580,IntAct,TRUE,FALSE,0.5,0.081,0.09,,
CPI-SS080C81D37,APP_CD74,simple:P05067,simple:P04233,ENSG00000142192,ENSG00000019582,curated,FALSE,FALSE,0.5,2.052,,2.045,
CPI-SS0CF76A867,HBEGF_CD44,simple:Q99075,simple:P16070,ENSG00000113070,ENSG00000026508,InnateDB-All,TRUE,FALSE,0.5,0.823,,0.821,
CPI-SS094EDDBBA,CSF3_CSF1R,simple:P09919,simple:P07333,ENSG00000108342,ENSG00000182578,guidetopharmacology.org,TRUE,FALSE,0.5,,0.443,,0.394
CPI-SS03C7D1520,EFNB1_EPHB1,simple:P98172,simple:P54762,ENSG00000090776,ENSG00000154928,curated,FALSE,FALSE,0.5,0.296,,0.298,
CPI-SS05B4EB419,EFNA3_EPHA4,simple:P52797,simple:P54764,ENSG00000143590,ENSG00000116106,curated,FALSE,FALSE,0.5,0.31,0.17,,
CPI-CS01A06F36D,a9b1 complex_TNC,complex:a9b1 complex,simple:P24821,,ENSG00000041982,curated,TRUE,TRUE,0.5,,0.874,,0.826
CPI-SS0C2003B74,EFNB1_EPHB3,simple:P98172,simple:P54753,ENSG00000090776,ENSG00000182580,curated,FALSE,FALSE,0.5,0.367,,0.369,
CPI-SS0FF49C823,EFNA1_EPHA1,simple:P20827,simple:P21709,ENSG00000169242,ENSG00000146904,curated,TRUE,FALSE,0.5,0.267,,0.131,
CPI-CS07F0FBE47,a2b1 complex_COL11A2,complex:a2b1 complex,simple:P13942,,ENSG00000204248,curated,TRUE,TRUE,0.5,,,0.272,0.273
CPI-SS033E6DE7E,NRP1_VEGFB,simple:O14786,simple:P49765,ENSG00000099250,ENSG00000173511,curated,TRUE,FALSE,0.5,,0.427,,0.383
CPI-CS03DA9B97D,a5b1 complex_FN1,complex:a5b1 complex,simple:P02751,,ENSG00000115414,curated,TRUE,TRUE,0.5,,0.927,,0.873
CPI-SS02AB0C3E0,SPP1_CD44,simple:P10451,simple:P16070,ENSG00000118785,ENSG00000026508,IntAct,TRUE,FALSE,0.5,,,0.817,0.793
CPI-SS0BFD8E056,EFNB2_EPHB1,simple:P52799,simple:P54762,ENSG00000125266,ENSG00000154928,curated,FALSE,FALSE,0.5,0.243,,0.212,
CPI-SS05BB5902B,EFNA4_EPHA1,simple:P52798,simple:P21709,ENSG00000243364,ENSG00000146904,curated,TRUE,FALSE,0.5,0.139,,0.13,
CPI-CS005B85FC8,a2b1 complex_COL2A1,complex:a2b1 complex,simple:P02458,,ENSG00000139219,curated,TRUE,TRUE,0.5,,,0.296,0.336
CPI-SS0D1D8FF06,EFNA4_EPHA3,simple:P52798,simple:P29320,ENSG00000243364,ENSG00000044524,curated,TRUE,FALSE,0.5,,0.226,,0.217
CPI-SS052ADA696,JAG1_NOTCH1,simple:P78504,simple:P46531,ENSG00000101384,ENSG00000148400,curated,FALSE,FALSE,0.5,0.268,,0.269,
CPI-SS05ABE6795,EFNB2_EPHB6,simple:P52799,simple:O15197,ENSG00000125266,ENSG00000106123,curated,TRUE,FALSE,0.5,0.195,,0.163,
CPI-SC0FDB4B6D9,GDF9_TGFR_BMPR2,simple:O60383,complex:TGFR_BMPR2,ENSG00000164404,,curated,TRUE,FALSE,0.5,0.854,0.901,,
CPI-SS046F6F0C1,EFNA1_EPHA2,simple:P20827,simple:P29317,ENSG00000169242,ENSG00000142627,curated,TRUE,FALSE,0.5,0.347,,0.211,
CPI-SS0A06F86B9,PNP_NPY4R,simple:P01298,simple:P50391,ENSG00000198805,ENSG00000204174,guidetopharmacology.org,TRUE,FALSE,0.5,0.636,,0.632,
CPI-SS0475BE8ED,EFNA4_EPHA2,simple:P52798,simple:P29317,ENSG00000243364,ENSG00000142627,curated,TRUE,FALSE,0.5,0.219,,0.21,
CPI-SS040D3C47C,EFNB1_EPHB6,simple:P98172,simple:O15197,ENSG00000090776,ENSG00000106123,curated,TRUE,FALSE,0.5,0.248,,0.25,
CPI-SS0E928B8C8,FGF7_FGFR2,simple:P21781,simple:P21802,ENSG00000140285,ENSG00000066468,IntAct,TRUE,FALSE,0.5,,,0.234,0.178
CPI-CS07B06D7C2,a2b1 complex_COL7A1,complex:a2b1 complex,simple:Q02388,,ENSG00000114270,curated,TRUE,TRUE,0.5,,,0.809,0.685
CPI-SS084BE3E4B,LTA_TNFRSF1A,simple:P01374,simple:P19438,ENSG00000226979,ENSG00000067182,curated,TRUE,FALSE,0.5,0.228,0.23,,
CPI-SS0EBFE1854,EFNA1_EPHA4,simple:P20827,simple:P54764,ENSG00000169242,ENSG00000116106,curated,TRUE,FALSE,0.75,0.362,0.222,0.226,
CPI-SS0ABC5C1B8,CD74_MIF,simple:P04233,simple:P14174,ENSG00000019582,ENSG00000240972,InnateDB-All,TRUE,FALSE,0.75,3.158,2.796,2.85,
CPI-SC05FF723A3,BMP2_BMR1B_AVR2A,simple:P12643,complex:BMR1B_AVR2A,ENSG00000125845,,curated,TRUE,FALSE,1.75,,,,
CPI-SC0DA028FF9,BMP7_BMPR1B_BMPR2,simple:P18075,complex:BMPR1B_BMPR2,ENSG00000101144,,curated,TRUE,FALSE,1.75,,,,
CPI-SC0D389E644,BMP7_BMR1B_AVR2A,simple:P18075,complex:BMR1B_AVR2A,ENSG00000101144,,curated,TRUE,FALSE,1.75,,,,
CPI-SC0F5A1D137,BMP8A_BMR1A_ACR2A,simple:Q7Z5Y6,complex:BMR1A_ACR2A,ENSG00000183682,,curated,TRUE,FALSE,1.75,,,,
CPI-SC061191F76,GDF5_BMR1A_ACR2A,simple:P43026,complex:BMR1A_ACR2A,ENSG00000125965,,curated,TRUE,FALSE,1.75,,,,
CPI-CS0C59AF029,IL33 receptor_IL33,complex:IL33 receptor,simple:O95760,,ENSG00000137033,curated,TRUE,FALSE,1.75,,,,
CPI-SC023986FB9,MSTN_TGFR_AVR2A,simple:O14793,complex:TGFR_AVR2A,ENSG00000138379,,curated,TRUE,FALSE,1.75,,,,
CPI-SC001669E22,GDF11_TGFR_AVR2A,simple:O95390,complex:TGFR_AVR2A,ENSG00000135414,,curated,TRUE,FALSE,1.75,,,,
CPI-SC08968AFE6,MSTN_TGFR_AVR2B,simple:O14793,complex:TGFR_AVR2B,ENSG00000138379,,curated,TRUE,FALSE,1.75,,,,
CPI-SC017215F7F,GDF11_TGFR_AVR2B,simple:O95390,complex:TGFR_AVR2B,ENSG00000135414,,curated,TRUE,FALSE,1.75,,,,
CPI-SC09E5431A2,IFNG_Type II IFNR,simple:P01579,complex:Type II IFNR,ENSG00000111537,,curated,TRUE,FALSE,1.75,,,,
CPI-SC070B9F112,BMP2_BMPR1A_BMPR2,simple:P12643,complex:BMPR1A_BMPR2,ENSG00000125845,,curated,TRUE,FALSE,1.75,,,,
CPI-SC0B1EBCCC6,BMP7_BMPR1A_BMPR2,simple:P18075,complex:BMPR1A_BMPR2,ENSG00000101144,,curated,TRUE,FALSE,1.75,,,,
CPI-SC09FC5131F,BMP5_BMR1A_ACR2A,simple:P22003,complex:BMR1A_ACR2A,ENSG00000112175,,curated,TRUE,FALSE,1.75,,,,
CPI-SC0915DDE22,BMP4_BMPR1A_BMPR2,simple:P12644,complex:BMPR1A_BMPR2,ENSG00000125378,,curated,TRUE,FALSE,1.75,,,,
CPI-SC054964DD8,GDF5_BMPR1A_BMPR2,simple:P43026,complex:BMPR1A_BMPR2,ENSG00000125965,,curated,TRUE,FALSE,1.75,,,,
CPI-SC085698C59,BMP5_BMPR1A_BMPR2,simple:P22003,complex:BMPR1A_BMPR2,ENSG00000112175,,curated,TRUE,FALSE,1.75,,,,
CPI-SC02AFDCE1F,BMP8A_BMPR1A_BMPR2,simple:Q7Z5Y6,complex:BMPR1A_BMPR2,ENSG00000183682,,curated,TRUE,FALSE,1.75,,,,
CPI-SC0B118E8DA,GDF6_BMPR1A_BMPR2,simple:Q6KF10,complex:BMPR1A_BMPR2,ENSG00000156466,,curated,TRUE,FALSE,1.75,,,,
CPI-SC0464F1C6E,BMP2_BMR1A_ACR2A,simple:P12643,complex:BMR1A_ACR2A,ENSG00000125845,,curated,TRUE,FALSE,1.75,,,,
CPI-SC0BACF0481,BMP7_BMR1A_ACR2A,simple:P18075,complex:BMR1A_ACR2A,ENSG00000101144,,curated,TRUE,FALSE,1.75,,,,
CPI-SC052486D3E,BMP4_BMR1A_ACR2A,simple:P12644,complex:BMR1A_ACR2A,ENSG00000125378,,curated,TRUE,FALSE,1.75,,,,
CPI-SC0C97FACEA,BMP6_BMR1A_ACR2A,simple:P22004,complex:BMR1A_ACR2A,ENSG00000153162,,curated,TRUE,FALSE,1.75,,,,
CPI-SC00D19A858,BMP6_BMPR1A_BMPR2,simple:P22004,complex:BMPR1A_BMPR2,ENSG00000153162,,curated,TRUE,FALSE,1.75,,,,
CPI-SC00DB2B867,BMP4_BMR1B_AVR2A,simple:P12644,complex:BMR1B_AVR2A,ENSG00000125378,,curated,TRUE,FALSE,1.75,,,,
CPI-SC0C676F3BE,BMP6_BMR1B_AVR2A,simple:P22004,complex:BMR1B_AVR2A,ENSG00000153162,,curated,TRUE,FALSE,1.75,,,,
CPI-SC011C55B71,GDF5_BMR1B_AVR2A,simple:P43026,complex:BMR1B_AVR2A,ENSG00000125965,,curated,TRUE,FALSE,1.75,,,,
CPI-CS04F158618,IL17 receptor AC_IL17A,complex:IL17 receptor AC,simple:Q16552,,ENSG00000112115,curated,TRUE,FALSE,1.75,,,,
CPI-CS0558AB6A5,IL17 receptor AC_IL17F,complex:IL17 receptor AC,simple:Q96PD4,,ENSG00000112116,curated,TRUE,FALSE,1.75,,,,
CPI-CS0FBBCDD66,IL4 receptor_IL4,complex:IL4 receptor,simple:P05112,,ENSG00000113520,curated,TRUE,FALSE,1.75,,,,
CPI-CS0EE8AEA34,IL13 receptor_IL13,complex:IL13 receptor,simple:P35225,,ENSG00000169194,curated,TRUE,FALSE,1.75,,,,
CPI-CS0569B9B91,BMPR1B_BMPR2_BMPR1A,complex:BMPR1B_BMPR2,simple:P36894,,ENSG00000107779,curated,FALSE,FALSE,1.75,,,,
CPI-CS045D41398,IL17 receptor AB_IL25,complex:IL17 receptor AB,simple:Q9H293,,ENSG00000166090,curated,TRUE,FALSE,1.75,,,,
CPI-SC0C8A5C197,SEMA3A_PlexinA1_complex3,simple:Q14563,complex:PlexinA1_complex3,ENSG00000075213,,curated,TRUE,FALSE,1.75,,,,
CPI-SC019D0A439,SEMA3A_PlexinA2_complex1,simple:Q14563,complex:PlexinA2_complex1,ENSG00000075213,,curated,TRUE,FALSE,1.75,,,,
CPI-CS0F6472748,IL36 receptor_IL36A,complex:IL36 receptor,simple:Q9UHA7,,ENSG00000136694,curated,TRUE,FALSE,1.75,,,,
CPI-SC05F339947,SEMA3A_PlexinA3_complex1,simple:Q14563,complex:PlexinA3_complex1,ENSG00000075213,,curated,TRUE,FALSE,1.75,,,,
CPI-SC03CCAAB4B,SEMA6D_PlexinA1_complex1,simple:Q8NFY4,complex:PlexinA1_complex1,ENSG00000137872,,curated,FALSE,FALSE,1.75,,,,
CPI-CS04DD927C9,ACVR_1A2B receptor_INHBA,complex:ACVR_1A2B receptor,simple:P08476,,ENSG00000122641,curated,TRUE,FALSE,1.75,,,,
CPI-CS048465560,ACVR_1A2B receptor_INHBB,complex:ACVR_1A2B receptor,simple:P09529,,ENSG00000163083,curated,TRUE,FALSE,1.75,,,,
CPI-SC0FD4A1277,AMH_MIS receptor 1,simple:P03971,complex:MIS receptor 1,ENSG00000104899,,curated,TRUE,FALSE,1.75,,,,
CPI-SC053DF3067,AMH_MIS receptor 2,simple:P03971,complex:MIS receptor 2,ENSG00000104899,,curated,TRUE,FALSE,1.75,,,,
CPI-SC02CDFD48B,AMH_MIS receptor 3,simple:P03971,complex:MIS receptor 3,ENSG00000104899,,curated,TRUE,FALSE,1.75,,,,
CPI-SC00ACA947E,GDNF_RET receptor 1,simple:P39905,complex:RET receptor 1,ENSG00000168621,,curated,TRUE,FALSE,1.75,,,,
CPI-SC0EB9D030F,ARTN_RET receptor 1,simple:Q5T4W7,complex:RET receptor 1,ENSG00000117407,,curated,TRUE,FALSE,1.75,,,,
CPI-SC096905331,SEMA3A_PlexinA4_complex1,simple:Q14563,complex:PlexinA4_complex1,ENSG00000075213,,curated,TRUE,FALSE,1.75,,,,
CPI-CS04C628758,IL36 receptor_IL1F10,complex:IL36 receptor,simple:Q8WWZ1,,ENSG00000136697,curated,TRUE,FALSE,1.75,,,,
CPI-CS0E80B08E2,IL21 receptor_IL21,complex:IL21 receptor,simple:Q9HBE4,,ENSG00000138684,curated,TRUE,FALSE,1.75,,,,
CPI-SC0EAF80261,SEMA7A_a1b1 complex,simple:O75326,complex:a1b1 complex,ENSG00000138623,,curated,FALSE,TRUE,1.75,,,,
CPI-SC00CF68ED3,BMP5_BMR1B_AVR2A,simple:P22003,complex:BMR1B_AVR2A,ENSG00000112175,,curated,TRUE,FALSE,1.75,,,,
CPI-SC0079A1C11,BMP8A_BMR1B_AVR2A,simple:Q7Z5Y6,complex:BMR1B_AVR2A,ENSG00000183682,,curated,TRUE,FALSE,1.75,,,,
CPI-SC0E5E4119C,GDF6_BMR1B_AVR2A,simple:Q6KF10,complex:BMR1B_AVR2A,ENSG00000156466,,curated,TRUE,FALSE,1.75,,,,
CPI-SC0FB40175C,BMP2_BMR1B_AVR2B,simple:P12643,complex:BMR1B_AVR2B,ENSG00000125845,,curated,TRUE,FALSE,1.75,,,,
CPI-SC05824EDF4,BMP7_BMR1B_AVR2B,simple:P18075,complex:BMR1B_AVR2B,ENSG00000101144,,curated,TRUE,FALSE,1.75,,,,
CPI-SC01C6EA11C,BMP4_BMR1B_AVR2B,simple:P12644,complex:BMR1B_AVR2B,ENSG00000125378,,curated,TRUE,FALSE,1.75,,,,
CPI-SC0F6C8C336,BMP6_BMR1B_AVR2B,simple:P22004,complex:BMR1B_AVR2B,ENSG00000153162,,curated,TRUE,FALSE,1.75,,,,
CPI-SC09AFF0384,GDF5_BMR1B_AVR2B,simple:P43026,complex:BMR1B_AVR2B,ENSG00000125965,,curated,TRUE,FALSE,1.75,,,,
CPI-SC0D6D4E48B,BMP5_BMR1B_AVR2B,simple:P22003,complex:BMR1B_AVR2B,ENSG00000112175,,curated,TRUE,FALSE,1.75,,,,
CPI-SC0722594B0,BMP8A_BMR1B_AVR2B,simple:Q7Z5Y6,complex:BMR1B_AVR2B,ENSG00000183682,,curated,TRUE,FALSE,1.75,,,,
CPI-SC089058CD0,GDF6_BMR1B_AVR2B,simple:Q6KF10,complex:BMR1B_AVR2B,ENSG00000156466,,curated,TRUE,FALSE,1.75,,,,
CPI-SC0D0822443,BMP5_ACVR1_BMPR2,simple:P22003,complex:ACVR1_BMPR2,ENSG00000112175,,curated,TRUE,FALSE,1.75,,,,
CPI-SC0BD23E626,BMP8A_ACVR1_BMPR2,simple:Q7Z5Y6,complex:ACVR1_BMPR2,ENSG00000183682,,curated,TRUE,FALSE,1.75,,,,
CPI-SC0FD1DE897,BMP7_ACVR_1A2B receptor,simple:P18075,complex:ACVR_1A2B receptor,ENSG00000101144,,curated,TRUE,FALSE,1.75,,,,
CPI-SC0446E01DF,BMP6_ACVR_1A2B receptor,simple:P22004,complex:ACVR_1A2B receptor,ENSG00000153162,,curated,TRUE,FALSE,1.75,,,,
CPI-SC0C44F0E54,BMP5_ACVR_1A2B receptor,simple:P22003,complex:ACVR_1A2B receptor,ENSG00000112175,,curated,TRUE,FALSE,1.75,,,,
CPI-SC000E41217,BMP8A_ACVR_1A2B receptor,simple:Q7Z5Y6,complex:ACVR_1A2B receptor,ENSG00000183682,,curated,TRUE,FALSE,1.75,,,,
CPI-CS0F4339EDF,a11b1 complex_COL18A1,complex:a11b1 complex,simple:P39060,,ENSG00000182871,curated,TRUE,TRUE,1.75,,,,
CPI-SC08C740EAA,BMP5_ACVR_1A2A receptor,simple:P22003,complex:ACVR_1A2A receptor,ENSG00000112175,,curated,TRUE,FALSE,1.75,,,,
CPI-SC0B4A7BE20,BMP8A_ACVR_1A2A receptor,simple:Q7Z5Y6,complex:ACVR_1A2A receptor,ENSG00000183682,,curated,TRUE,FALSE,1.75,,,,
CPI-CS0DDFD82E7,IL11 receptor_IL11,complex:IL11 receptor,simple:P20809,,ENSG00000095752,curated,TRUE,FALSE,1.75,,,,
CPI-CS0645666B0,IL20 receptor Type I_IL19,complex:IL20 receptor Type I,simple:Q9UHD0,,ENSG00000142224,curated,TRUE,FALSE,1.75,,,,
CPI-CS0AB365861,IL20 receptor Type I_IL20,complex:IL20 receptor Type I,simple:Q9NYY1,,ENSG00000162891,curated,TRUE,FALSE,1.75,,,,
CPI-CS0E8ADC968,IL20 receptor Type II_IL20,complex:IL20 receptor Type II,simple:Q9NYY1,,ENSG00000162891,curated,TRUE,FALSE,1.75,,,,
CPI-CS004FEB9B9,a10b1 complex_COL9A3,complex:a10b1 complex,simple:Q14050,,ENSG00000092758,curated,TRUE,TRUE,1.75,,,,
CPI-CS042A32454,a11b1 complex_COL9A3,complex:a11b1 complex,simple:Q14050,,ENSG00000092758,curated,TRUE,TRUE,1.75,,,,
CPI-CS0039C78B6,a1b1 complex_COL9A3,complex:a1b1 complex,simple:Q14050,,ENSG00000092758,curated,TRUE,TRUE,1.75,,,,
CPI-CS00EC98A3C,a2b1 complex_COL19A1,complex:a2b1 complex,simple:Q14993,,ENSG00000082293,curated,TRUE,TRUE,1.75,,,,
CPI-CS06CFA622C,a10b1 complex_COL19A1,complex:a10b1 complex,simple:Q14993,,ENSG00000082293,curated,TRUE,TRUE,1.75,,,,
CPI-CS0AA4083E0,a11b1 complex_COL19A1,complex:a11b1 complex,simple:Q14993,,ENSG00000082293,curated,TRUE,TRUE,1.75,,,,
CPI-CS092D10FD5,a1b1 complex_COL19A1,complex:a1b1 complex,simple:Q14993,,ENSG00000082293,curated,TRUE,TRUE,1.75,,,,
CPI-CS0E29519C7,a10b1 complex_COL24A1,complex:a10b1 complex,simple:Q17RW2,,ENSG00000171502,curated,TRUE,TRUE,1.75,,,,
CPI-CS0E70C6A94,a2b1 complex_COL9A3,complex:a2b1 complex,simple:Q14050,,ENSG00000092758,curated,TRUE,TRUE,1.75,,,,
CPI-CS02E67C584,a11b1 complex_COL24A1,complex:a11b1 complex,simple:Q17RW2,,ENSG00000171502,curated,TRUE,TRUE,1.75,,,,
CPI-CS0DC217258,a2b1 complex_COL28A1,complex:a2b1 complex,simple:Q2UY09,,ENSG00000215018,curated,TRUE,TRUE,1.75,,,,
CPI-CS037F11D6B,a10b1 complex_COL28A1,complex:a10b1 complex,simple:Q2UY09,,ENSG00000215018,curated,TRUE,TRUE,1.75,,,,
CPI-CS097450DBB,a11b1 complex_COL28A1,complex:a11b1 complex,simple:Q2UY09,,ENSG00000215018,curated,TRUE,TRUE,1.75,,,,
CPI-CS0D5E8EC32,a1b1 complex_COL28A1,complex:a1b1 complex,simple:Q2UY09,,ENSG00000215018,curated,TRUE,TRUE,1.75,,,,
CPI-CS0EEEC14D1,a2b1 complex_COL13A1,complex:a2b1 complex,simple:Q5TAT6,,ENSG00000197467,curated,FALSE,TRUE,1.75,,,,
CPI-CS0B8ACEA1B,a10b1 complex_COL13A1,complex:a10b1 complex,simple:Q5TAT6,,ENSG00000197467,curated,FALSE,TRUE,1.75,,,,
CPI-CS006801CF7,a11b1 complex_COL13A1,complex:a11b1 complex,simple:Q5TAT6,,ENSG00000197467,curated,FALSE,TRUE,1.75,,,,
CPI-CS038A144AF,a1b1 complex_COL13A1,complex:a1b1 complex,simple:Q5TAT6,,ENSG00000197467,curated,FALSE,TRUE,1.75,,,,
CPI-CS0B324D9A5,a1b1 complex_COL24A1,complex:a1b1 complex,simple:Q17RW2,,ENSG00000171502,curated,TRUE,TRUE,1.75,,,,
CPI-CS0EDC9FD97,a1b1 complex_COL4A3,complex:a1b1 complex,simple:Q01955,,ENSG00000169031,curated,TRUE,TRUE,1.75,,,,
CPI-CS097C514B9,a11b1 complex_COL4A3,complex:a11b1 complex,simple:Q01955,,ENSG00000169031,curated,TRUE,TRUE,1.75,,,,
CPI-CS0CF0AE9CA,a10b1 complex_COL4A3,complex:a10b1 complex,simple:Q01955,,ENSG00000169031,curated,TRUE,TRUE,1.75,,,,
CPI-CS07D2CAF79,a2b1 complex_COL8A2,complex:a2b1 complex,simple:P25067,,ENSG00000171812,curated,TRUE,TRUE,1.75,,,,
CPI-CS068D4392F,a10b1 complex_COL8A2,complex:a10b1 complex,simple:P25067,,ENSG00000171812,curated,TRUE,TRUE,1.75,,,,
CPI-CS03314DAF3,a11b1 complex_COL8A2,complex:a11b1 complex,simple:P25067,,ENSG00000171812,curated,TRUE,TRUE,1.75,,,,
CPI-CS054454CF3,a1b1 complex_COL8A2,complex:a1b1 complex,simple:P25067,,ENSG00000171812,curated,TRUE,TRUE,1.75,,,,
CPI-CS0CFC2A055,a2b1 complex_COL5A3,complex:a2b1 complex,simple:P25940,,ENSG00000080573,curated,TRUE,TRUE,1.75,,,,
CPI-CS0DCFE9DA5,a10b1 complex_COL5A3,complex:a10b1 complex,simple:P25940,,ENSG00000080573,curated,TRUE,TRUE,1.75,,,,
CPI-CS0A10D5175,a11b1 complex_COL5A3,complex:a11b1 complex,simple:P25940,,ENSG00000080573,curated,TRUE,TRUE,1.75,,,,
CPI-CS0BE9C0135,a1b1 complex_COL5A3,complex:a1b1 complex,simple:P25940,,ENSG00000080573,curated,TRUE,TRUE,1.75,,,,
CPI-CS0605899FA,a10b1 complex_COL15A1,complex:a10b1 complex,simple:P39059,,ENSG00000204291,curated,TRUE,TRUE,1.75,,,,
CPI-CS0FA891A57,a11b1 complex_COL15A1,complex:a11b1 complex,simple:P39059,,ENSG00000204291,curated,TRUE,TRUE,1.75,,,,
CPI-CS0B4BD17EC,a1b1 complex_COL15A1,complex:a1b1 complex,simple:P39059,,ENSG00000204291,curated,TRUE,TRUE,1.75,,,,
CPI-CS0217F6EB1,a1b1 complex_COL18A1,complex:a1b1 complex,simple:P39060,,ENSG00000182871,curated,TRUE,TRUE,1.75,,,,
CPI-CS06A989B0D,a2b1 complex_COL4A4,complex:a2b1 complex,simple:P53420,,ENSG00000081052,curated,TRUE,TRUE,1.75,,,,
CPI-CS0A84374FF,a10b1 complex_COL4A4,complex:a10b1 complex,simple:P53420,,ENSG00000081052,curated,TRUE,TRUE,1.75,,,,
CPI-CS0BAB33159,a11b1 complex_COL4A4,complex:a11b1 complex,simple:P53420,,ENSG00000081052,curated,TRUE,TRUE,1.75,,,,
CPI-CS05C86B076,a1b1 complex_COL4A4,complex:a1b1 complex,simple:P53420,,ENSG00000081052,curated,TRUE,TRUE,1.75,,,,
CPI-SS06CE0CF64,CORT_SSTR1,simple:O00230,simple:P30872,ENSG00000241563,ENSG00000139874,guidetopharmacology.org,TRUE,FALSE,1.75,,,,
CPI-CS08E5A7846,a10b1 complex_COL27A1,complex:a10b1 complex,simple:Q8IZC6,,ENSG00000196739,curated,TRUE,TRUE,1.75,,,,
CPI-CS002BE4E1D,a11b1 complex_COL11A2,complex:a11b1 complex,simple:P13942,,ENSG00000204248,curated,TRUE,TRUE,1.75,,,,
CPI-CS0F72157E2,a11b1 complex_COL27A1,complex:a11b1 complex,simple:Q8IZC6,,ENSG00000196739,curated,TRUE,TRUE,1.75,,,,
CPI-CS0C550C565,a2b1 complex_COL22A1,complex:a2b1 complex,simple:Q8NFW1,,ENSG00000169436,curated,TRUE,TRUE,1.75,,,,
CPI-CS04CBDE052,IL10 receptor_IL10,complex:IL10 receptor,simple:P22301,,ENSG00000136634,curated,TRUE,FALSE,1.75,,,,
CPI-CS06C6E2321,NKG2D II receptor_MICA,complex:NKG2D II receptor,simple:Q29983,,ENSG00000204520,curated,FALSE,FALSE,1.75,,,,
CPI-CS0A9D23000,NKG2D II receptor_MICB,complex:NKG2D II receptor,simple:Q29980,,ENSG00000204516,curated,FALSE,FALSE,1.75,,,,
CPI-SC0C8B4C056,CD40LG_a5b1 complex,simple:P29965,complex:a5b1 complex,ENSG00000102245,,curated,TRUE,TRUE,1.75,,,,
CPI-SC070D5A96F,JAM2_a4b1 complex,simple:P57087,complex:a4b1 complex,ENSG00000154721,,curated,FALSE,TRUE,1.75,,,,
CPI-SC0E9C058EB,PLAUR_a4b1 complex,simple:Q03405,complex:a4b1 complex,ENSG00000011422,,curated,TRUE,TRUE,1.75,,,,
CPI-SC0A9EB628A,VCAM1_a4b1 complex,simple:P19320,complex:a4b1 complex,ENSG00000162692,,curated,FALSE,TRUE,1.75,,,,
CPI-CS0C9EE65C2,FcRn complex_ALB,complex:FcRn complex,simple:P02768,,ENSG00000163631,curated,TRUE,FALSE,1.75,,,,
CPI-CS077F1340A,FLT1 complex_VEGFB,complex:FLT1 complex,simple:P49765,,ENSG00000173511,curated,TRUE,FALSE,1.75,,,,
CPI-CS0C97FF5BB,TSLPR_TSLP,complex:TSLPR,simple:Q969D9,,ENSG00000145777,curated,TRUE,FALSE,1.75,,,,
CPI-CS0E661878B,LIFR_OSM,complex:LIFR,simple:P13725,,ENSG00000099985,curated,TRUE,FALSE,1.75,,,,
CPI-CS06D50EBF8,OSMR_OSM,complex:OSMR,simple:P13725,,ENSG00000099985,curated,TRUE,FALSE,1.75,,,,
CPI-CS07B61574B,LIFR_LIF,complex:LIFR,simple:P15018,,ENSG00000128342,curated,TRUE,FALSE,1.75,,,,
CPI-CS0AB9C7139,IL7 receptor_IL7,complex:IL7 receptor,simple:P13232,,ENSG00000104432,curated,TRUE,FALSE,1.75,,,,
CPI-CS063AE1C91,IL6 receptor_IL6,complex:IL6 receptor,simple:P05231,,ENSG00000136244,curated,TRUE,FALSE,1.75,,,,
CPI-SC0D9B795CC,CDH1_a2b1 complex,simple:P12830,complex:a2b1 complex,ENSG00000039068,,curated,FALSE,TRUE,1.75,,,,
CPI-CS0CF47221A,IL20 receptor Type II_IL24,complex:IL20 receptor Type II,simple:Q13007,,ENSG00000162892,curated,TRUE,FALSE,1.75,,,,
CPI-CS0553FFC41,IL20 receptor Type I_IL24,complex:IL20 receptor Type I,simple:Q13007,,ENSG00000162892,curated,TRUE,FALSE,1.75,,,,
CPI-CS043AA5319,TSLPR_CRLF2,complex:TSLPR,simple:Q9HC73,,ENSG00000205755,curated,TRUE,FALSE,1.75,,,,
CPI-CS073D36B1D,FLT1 complex_PGF,complex:FLT1 complex,simple:P49763,,ENSG00000119630,curated,TRUE,FALSE,1.75,,,,
CPI-CS067298D94,FLT1 complex_VEGFA,complex:FLT1 complex,simple:P15692,,ENSG00000112715,curated,TRUE,FALSE,1.75,,,,
CPI-CS06072FF4E,IL1 receptor_IL1A,complex:IL1 receptor,simple:P01583,,ENSG00000115008,curated,TRUE,FALSE,1.75,,,,
CPI-CS050122346,a10b1 complex_COL22A1,complex:a10b1 complex,simple:Q8NFW1,,ENSG00000169436,curated,TRUE,TRUE,1.75,,,,
CPI-CS063B58454,a11b1 complex_COL22A1,complex:a11b1 complex,simple:Q8NFW1,,ENSG00000169436,curated,TRUE,TRUE,1.75,,,,
CPI-CS040F0110C,a1b1 complex_COL22A1,complex:a1b1 complex,simple:Q8NFW1,,ENSG00000169436,curated,TRUE,TRUE,1.75,,,,
CPI-CS018BDAD0D,a2b1 complex_COL26A1,complex:a2b1 complex,simple:Q96A83,,ENSG00000160963,curated,TRUE,TRUE,1.75,,,,
CPI-CS0DB33AA7A,a10b1 complex_COL26A1,complex:a10b1 complex,simple:Q96A83,,ENSG00000160963,curated,TRUE,TRUE,1.75,,,,
CPI-CS0C971AE24,a11b1 complex_COL26A1,complex:a11b1 complex,simple:Q96A83,,ENSG00000160963,curated,TRUE,TRUE,1.75,,,,
CPI-CS055068ECD,a1b1 complex_COL26A1,complex:a1b1 complex,simple:Q96A83,,ENSG00000160963,curated,TRUE,TRUE,1.75,,,,
CPI-CS04ED33310,a2b1 complex_COL12A1,complex:a2b1 complex,simple:Q99715,,ENSG00000111799,curated,TRUE,TRUE,1.75,,,,
CPI-CS0A67D0042,a10b1 complex_COL12A1,complex:a10b1 complex,simple:Q99715,,ENSG00000111799,curated,TRUE,TRUE,1.75,,,,
CPI-CS04627807C,a11b1 complex_COL12A1,complex:a11b1 complex,simple:Q99715,,ENSG00000111799,curated,TRUE,TRUE,1.75,,,,
CPI-CS0390FB629,a1b1 complex_COL12A1,complex:a1b1 complex,simple:Q99715,,ENSG00000111799,curated,TRUE,TRUE,1.75,,,,
CPI-CS0BAF6FFF5,a2b1 complex_COL20A1,complex:a2b1 complex,simple:Q9P218,,ENSG00000101203,curated,TRUE,TRUE,1.75,,,,
CPI-CS03DFA9420,a10b1 complex_COL20A1,complex:a10b1 complex,simple:Q9P218,,ENSG00000101203,curated,TRUE,TRUE,1.75,,,,
CPI-CS0F5869817,a11b1 complex_COL20A1,complex:a11b1 complex,simple:Q9P218,,ENSG00000101203,curated,TRUE,TRUE,1.75,,,,
CPI-CS0C9459DA1,a1b1 complex_COL20A1,complex:a1b1 complex,simple:Q9P218,,ENSG00000101203,curated,TRUE,TRUE,1.75,,,,
CPI-CS0EA96A64E,a3b1 complex_CSPG4,complex:a3b1 complex,simple:Q6UVK1,,ENSG00000173546,curated,FALSE,TRUE,1.75,,,,
CPI-CS023C72D92,a3b1 complex_LAMA3,complex:a3b1 complex,simple:Q16787,,ENSG00000053747,curated,TRUE,TRUE,1.75,,,,
CPI-CS0BD61C784,aVb6 complex_TGFB1,complex:aVb6 complex,simple:P01137,,ENSG00000105329,curated,TRUE,TRUE,1.75,,,,
CPI-CS0AC5142FA,IL1 receptor inhibitor_IL1A,complex:IL1 receptor inhibitor,simple:P01583,,ENSG00000115008,curated,TRUE,FALSE,1.75,,,,
CPI-CS02FA5CFBE,a1b1 complex_COL27A1,complex:a1b1 complex,simple:Q8IZC6,,ENSG00000196739,curated,TRUE,TRUE,1.75,,,,
CPI-SS00A6D366F,ADORA2A_NAMPT,simple:P29274,simple:P43490,ENSG00000128271,ENSG00000105835,MINT,TRUE,FALSE,1.75,,,,
CPI-SS0AE4A66E2,WNT2_FZD9,simple:P09544,simple:O00144,ENSG00000105989,ENSG00000188763,curated,TRUE,FALSE,1.75,,,,
CPI-SS04465565A,PROK1_PROKR2,simple:P58294,simple:Q8NFJ6,ENSG00000143125,ENSG00000101292,guidetopharmacology.org,TRUE,FALSE,1.75,,,,
CPI-SS05B7C1DB1,FGFR3_FGF5,simple:P22607,simple:P12034,ENSG00000068078,ENSG00000138675,InnateDB-All,TRUE,FALSE,1.75,,,,
CPI-SS08232DC7B,FGFR2_FGF5,simple:P21802,simple:P12034,ENSG00000066468,ENSG00000138675,IntAct,TRUE,FALSE,1.75,,,,
CPI-SS0E0BCE16F,FGFR1_FGF5,simple:P11362,simple:P12034,ENSG00000077782,ENSG00000138675,InnateDB-All,TRUE,FALSE,1.75,,,,
CPI-SS0E0BCE16F,FLG_FGF5,simple:P11362,simple:P12034,ENSG00000143631,ENSG00000138675,InnateDB-All,TRUE,FALSE,1.75,,,,
CPI-SS038E5B8D9,CD24_SELP,simple:P25063,simple:P16109,ENSG00000272398,ENSG00000174175,curated,FALSE,FALSE,1.75,,,,
CPI-SS013E6EBC3,CD34_SELP,simple:P28906,simple:P16109,ENSG00000174059,ENSG00000174175,curated,FALSE,FALSE,1.75,,,,
CPI-SS085C6A191,SELPLG_SELE,simple:Q14242,simple:P16581,ENSG00000110876,ENSG00000007908,curated,FALSE,FALSE,1.75,,,,
CPI-SS09332BB64,TNFSF13B_CD40,simple:Q9Y275,simple:P25942,ENSG00000102524,ENSG00000101017,InnateDB,TRUE,FALSE,1.75,,,,
CPI-SS0D9E45677,CD40LG_CD40,simple:P29965,simple:P25942,ENSG00000102245,ENSG00000101017,curated,TRUE,FALSE,1.75,,,,
CPI-SS0247B3C14,TNFSF13B_TNFRSF13C,simple:Q9Y275,simple:Q96RJ3,ENSG00000102524,ENSG00000159958,guidetopharmacology.org,TRUE,FALSE,1.75,,,,
CPI-SS018FE2F97,TNFSF13B_TNFRSF17,simple:Q9Y275,simple:Q02223,ENSG00000102524,ENSG00000048462,curated,TRUE,FALSE,1.75,,,,
CPI-SS0B89DD8C1,TNFSF13_TNFRSF17,simple:O75888,simple:Q02223,ENSG00000161955,ENSG00000048462,curated,TRUE,FALSE,1.75,,,,
CPI-SS07FEEF0C3,TNFSF13B_TNFRSF13B,simple:Q9Y275,simple:O14836,ENSG00000102524,ENSG00000240505,curated,TRUE,FALSE,1.75,,,,
CPI-SS06BA9088E,TNFSF13_TNFRSF13B,simple:O75888,simple:O14836,ENSG00000161955,ENSG00000240505,curated,TRUE,FALSE,1.75,,,,
CPI-SS04B4619D0,TNF_TNFRSF1A,simple:P01375,simple:P19438,ENSG00000232810,ENSG00000067182,curated,TRUE,FALSE,1.75,,,,
CPI-SS0A8258F88,GRN_TNFRSF1A,simple:P28799,simple:P19438,ENSG00000030582,ENSG00000067182,MINT,TRUE,FALSE,1.75,,,,
CPI-SS048A2311A,TNF_RIPK1,simple:P01375,simple:Q13546,ENSG00000232810,ENSG00000137275,IntAct,TRUE,FALSE,1.75,,,,
CPI-SS06B649B31,FGFR3_FGF2,simple:P22607,simple:P09038,ENSG00000068078,ENSG00000138685,curated,TRUE,FALSE,1.75,,,,
CPI-SS028A6D527,RIPK1_TNFSF10,simple:Q13546,simple:P50591,ENSG00000137275,ENSG00000121858,InnateDB-All,TRUE,FALSE,1.75,,,,
CPI-SS05D62446A,FGF9_FGFR3,simple:P31371,simple:P22607,ENSG00000102678,ENSG00000068078,InnateDB-All,TRUE,FALSE,1.75,,,,
CPI-SS0CFABB69A,FGF8_FGFR3,simple:P55075,simple:P22607,ENSG00000107831,ENSG00000068078,InnateDB-All,TRUE,FALSE,1.75,,,,
CPI-SS08A0C3910,SCGB3A1_FGFR4,simple:Q96QR1,simple:P22455,ENSG00000161055,ENSG00000160867,MINT,TRUE,FALSE,1.75,,,,
CPI-SS0D9366D11,FGF1_FGFR4,simple:P05230,simple:P22455,ENSG00000113578,ENSG00000160867,IntAct,TRUE,FALSE,1.75,,,,
CPI-SS008FB916C,FGF2_FGFR4,simple:P09038,simple:P22455,ENSG00000138685,ENSG00000160867,curated,TRUE,FALSE,1.75,,,,
CPI-SS066347638,FGF5_FGFR4,simple:P12034,simple:P22455,ENSG00000138675,ENSG00000160867,IntAct,TRUE,FALSE,1.75,,,,
CPI-SS04A97448D,FGF1_FGFR2,simple:P05230,simple:P21802,ENSG00000113578,ENSG00000066468,MINT,TRUE,FALSE,1.75,,,,
CPI-SS05A94DE17,FGF2_FGFR2,simple:P09038,simple:P21802,ENSG00000138685,ENSG00000066468,curated,TRUE,FALSE,1.75,,,,
CPI-SS0C77C0D65,FGF8_FGFR2,simple:P55075,simple:P21802,ENSG00000107831,ENSG00000066468,IntAct,TRUE,FALSE,1.75,,,,
CPI-SS07B324162,FGF9_FGFR2,simple:P31371,simple:P21802,ENSG00000102678,ENSG00000066468,InnateDB-All,TRUE,FALSE,1.75,,,,
CPI-SS0E7D5974D,TNF_TNFRSF1B,simple:P01375,simple:P20333,ENSG00000232810,ENSG00000028137,curated,TRUE,FALSE,1.75,,,,
CPI-SS092FB7770,FGF23_FGFR2,simple:Q9GZV9,simple:P21802,ENSG00000118972,ENSG00000066468,IntAct,TRUE,FALSE,1.75,,,,
CPI-SS0755A26DD,FGF1_FLG,simple:P05230,simple:P11362,ENSG00000113578,ENSG00000143631,curated,TRUE,FALSE,1.75,,,,
CPI-SS01F67987A,FGF2_FGFR1,simple:P09038,simple:P11362,ENSG00000138685,ENSG00000077782,curated,TRUE,FALSE,1.75,,,,
CPI-SS01F67987A,FGF2_FLG,simple:P09038,simple:P11362,ENSG00000138685,ENSG00000143631,curated,TRUE,FALSE,1.75,,,,
CPI-SS02B9A88D3,FGF8_FGFR1,simple:P55075,simple:P11362,ENSG00000107831,ENSG00000077782,IntAct,TRUE,FALSE,1.75,,,,
CPI-SS02B9A88D3,FGF8_FLG,simple:P55075,simple:P11362,ENSG00000107831,ENSG00000143631,IntAct,TRUE,FALSE,1.75,,,,
CPI-SS09015A868,FGF23_FGFR1,simple:Q9GZV9,simple:P11362,ENSG00000118972,ENSG00000077782,InnateDB-All,TRUE,FALSE,1.75,,,,
CPI-SS09015A868,FGF23_FLG,simple:Q9GZV9,simple:P11362,ENSG00000118972,ENSG00000143631,InnateDB-All,TRUE,FALSE,1.75,,,,
CPI-SS015819E65,FGF1_FGFR3,simple:P05230,simple:P22607,ENSG00000113578,ENSG00000068078,IntAct,TRUE,FALSE,1.75,,,,
CPI-SS0755A26DD,FGF1_FGFR1,simple:P05230,simple:P11362,ENSG00000113578,ENSG00000077782,curated,TRUE,FALSE,1.75,,,,
CPI-SS0D168412F,FASLG_FAS,simple:P48023,simple:P25445,ENSG00000117560,ENSG00000026103,curated,TRUE,FALSE,1.75,,,,
CPI-SS07D9A48A2,LTA_TNFRSF1B,simple:P01374,simple:P20333,ENSG00000226979,ENSG00000028137,curated,TRUE,FALSE,1.75,,,,
CPI-SS00D2C6F8C,TNF_LTBR,simple:P01375,simple:P36941,ENSG00000232810,ENSG00000111321,InnateDB-All,TRUE,FALSE,1.75,,,,
CPI-SS0263EFDDF,JAG2_NOTCH3,simple:Q9Y219,simple:Q9UM47,ENSG00000184916,ENSG00000074181,curated,FALSE,FALSE,1.75,,,,
CPI-SS035E5A708,DLL3_NOTCH3,simple:Q9NYJ7,simple:Q9UM47,ENSG00000090932,ENSG00000074181,curated,FALSE,FALSE,1.75,,,,
CPI-SS0938C6980,DLL4_NOTCH3,simple:Q9NR61,simple:Q9UM47,ENSG00000128917,ENSG00000074181,curated,FALSE,FALSE,1.75,,,,
CPI-SS015B87133,JAG1_CD46,simple:P78504,simple:P15529,ENSG00000101384,ENSG00000117335,curated,FALSE,FALSE,1.75,,,,
CPI-SS065B2DBAE,JAG2_NOTCH2,simple:Q9Y219,simple:Q04721,ENSG00000184916,ENSG00000134250,curated,FALSE,FALSE,1.75,,,,
CPI-SS06BBCAC08,DLL3_NOTCH2,simple:Q9NYJ7,simple:Q04721,ENSG00000090932,ENSG00000134250,curated,FALSE,FALSE,1.75,,,,
CPI-SS08E4D6FA9,DLL4_NOTCH2,simple:Q9NR61,simple:Q04721,ENSG00000128917,ENSG00000134250,curated,FALSE,FALSE,1.75,,,,
CPI-SS00A37632E,IL24_NOTCH2,simple:Q13007,simple:Q04721,ENSG00000162892,ENSG00000134250,MINT,TRUE,FALSE,1.75,,,,
CPI-SS0837E9F59,JAG1_NOTCH4,simple:P78504,simple:Q99466,ENSG00000101384,ENSG00000204301,curated,FALSE,FALSE,1.75,,,,
CPI-SS0FB5FE587,DLL1_NOTCH4,simple:O00548,simple:Q99466,ENSG00000198719,ENSG00000204301,curated,FALSE,FALSE,1.75,,,,
CPI-SS096F3E0F2,JAG2_NOTCH4,simple:Q9Y219,simple:Q99466,ENSG00000184916,ENSG00000204301,curated,FALSE,FALSE,1.75,,,,
CPI-SS098C2FFC0,DLL3_NOTCH4,simple:Q9NYJ7,simple:Q99466,ENSG00000090932,ENSG00000204301,curated,FALSE,FALSE,1.75,,,,
CPI-SS0558101D1,DLL4_NOTCH4,simple:Q9NR61,simple:Q99466,ENSG00000128917,ENSG00000204301,curated,FALSE,FALSE,1.75,,,,
CPI-SS001865B32,TNFSF10_TNFRSF10B,simple:P50591,simple:O14763,ENSG00000121858,ENSG00000120889,curated,TRUE,FALSE,1.75,,,,
CPI-SS05A3055C3,TNFSF10_TNFRSF11B,simple:P50591,simple:O00300,ENSG00000121858,ENSG00000164761,curated,TRUE,FALSE,1.75,,,,
CPI-SS0F83BE97B,TNFSF11_TNFRSF11B,simple:O14788,simple:O00300,ENSG00000120659,ENSG00000164761,curated,TRUE,FALSE,1.75,,,,
CPI-SS0053057ED,KIR2DL1_HLAC,simple:P43626,simple:HLAC,ENSG00000125498,ENSG00000204525,curated,FALSE,FALSE,1.75,,,,
CPI-SS047232C64,DLL1_NOTCH3,simple:O00548,simple:Q9UM47,ENSG00000198719,ENSG00000074181,curated,FALSE,FALSE,1.75,,,,
CPI-SS0B99F22A2,JAG1_NOTCH3,simple:P78504,simple:Q9UM47,ENSG00000101384,ENSG00000074181,curated,FALSE,FALSE,1.75,,,,
CPI-SS0AFCA0602,DLL4_NOTCH1,simple:Q9NR61,simple:P46531,ENSG00000128917,ENSG00000148400,curated,FALSE,FALSE,1.75,,,,
CPI-SS0E5A6ADB3,DLL3_NOTCH1,simple:Q9NYJ7,simple:P46531,ENSG00000090932,ENSG00000148400,curated,FALSE,FALSE,1.75,,,,
CPI-SS0859C173B,TNFSF14_LTBR,simple:O43557,simple:P36941,ENSG00000125735,ENSG00000111321,curated,TRUE,FALSE,1.75,,,,
CPI-SS0110361CB,LTA_TNFRSF14,simple:P01374,simple:Q92956,ENSG00000226979,ENSG00000157873,curated,TRUE,FALSE,1.75,,,,
CPI-SS0C28FEC7D,TNFSF13_TNFRSF14,simple:O75888,simple:Q92956,ENSG00000161955,ENSG00000157873,InnateDB-All,TRUE,FALSE,1.75,,,,
CPI-SS02ACCF1F7,MIF_TNFRSF14,simple:P14174,simple:Q92956,ENSG00000240972,ENSG00000157873,IntAct,TRUE,FALSE,1.75,,,,
CPI-SS08330207B,BTLA_TNFRSF14,simple:Q7Z6A9,simple:Q92956,ENSG00000186265,ENSG00000157873,guidetopharmacology.org,FALSE,FALSE,1.75,,,,
CPI-SS019C98396,TNFSF14_TNFRSF14,simple:O43557,simple:Q92956,ENSG00000125735,ENSG00000157873,guidetopharmacology.org,TRUE,FALSE,1.75,,,,
CPI-SS0879B8E95,CD160_TNFRSF14,simple:O95971,simple:Q92956,ENSG00000117281,ENSG00000157873,curated,FALSE,FALSE,1.75,,,,
CPI-SS0AEAEEECB,NTF3_NGFR,simple:P20783,simple:P08138,ENSG00000185652,ENSG00000064300,curated,TRUE,FALSE,1.75,,,,
CPI-SS03B9E01A2,GRN_TNFRSF1B,simple:P28799,simple:P20333,ENSG00000030582,ENSG00000028137,MINT,TRUE,FALSE,1.75,,,,
CPI-SS0EDD4928A,NGF_NGFR,simple:P01138,simple:P08138,ENSG00000134259,ENSG00000064300,curated,TRUE,FALSE,1.75,,,,
CPI-SS0E4E83C2E,BDNF_NGFR,simple:P23560,simple:P08138,ENSG00000176697,ENSG00000064300,curated,TRUE,FALSE,1.75,,,,
CPI-SS05162C56B,NTF3_NTRK3,simple:P20783,simple:Q16288,ENSG00000185652,ENSG00000140538,curated,TRUE,FALSE,1.75,,,,
CPI-SS052127A00,NGF_NTRK1,simple:P01138,simple:P04629,ENSG00000134259,ENSG00000198400,curated,TRUE,FALSE,1.75,,,,
CPI-SS0BA601DC4,BDNF_NTRK2,simple:P23560,simple:Q16620,ENSG00000176697,ENSG00000148053,curated,TRUE,FALSE,1.75,,,,
CPI-SS09A36B221,BDNF_SORT1,simple:P23560,simple:Q99523,ENSG00000176697,ENSG00000134243,InnateDB-All,TRUE,FALSE,1.75,,,,
CPI-SS0E0DEA7D5,PECAM1_CD38,simple:P16284,simple:P28907,ENSG00000261371,ENSG00000004468,curated,FALSE,FALSE,1.75,,,,
CPI-SS04A5D6B6F,DLL1_NOTCH1,simple:O00548,simple:P46531,ENSG00000198719,ENSG00000148400,curated,FALSE,FALSE,1.75,,,,
CPI-SS0DB3F5A37,JAG2_NOTCH1,simple:Q9Y219,simple:P46531,ENSG00000184916,ENSG00000148400,curated,FALSE,FALSE,1.75,,,,
CPI-SS0AA76E0E4,NTF4_NGFR,simple:P34130,simple:P08138,ENSG00000225950,ENSG00000064300,curated,TRUE,FALSE,1.75,,,,
CPI-SS00581282E,C5_C5AR1,simple:P01031,simple:P21730,ENSG00000106804,ENSG00000197405,guidetopharmacology.org,TRUE,FALSE,1.75,,,,
CPI-SS09EA7C74D,FAS_TNF,simple:P25445,simple:P01375,ENSG00000026103,ENSG00000232810,InnateDB-All,TRUE,FALSE,1.75,,,,
CPI-SS0273C9AED,KDR_VEGFC,simple:P35968,simple:P49767,ENSG00000128052,ENSG00000150630,curated,TRUE,FALSE,1.75,,,,
CPI-SS0FB2279FE,CCL11_CCR2,simple:P51671,simple:P41597,ENSG00000172156,ENSG00000121807,guidetopharmacology.org,TRUE,FALSE,1.75,,,,
CPI-SS0F5AA0D9B,CCL7_CCR2,simple:P80098,simple:P41597,ENSG00000108688,ENSG00000121807,curated,TRUE,FALSE,1.75,,,,
CPI-SS019381277,CCL8_CCR2,simple:P80075,simple:P41597,ENSG00000108700,ENSG00000121807,curated,TRUE,FALSE,1.75,,,,
CPI-SS0CF0E4DE9,CCL2_CCR2,simple:P13500,simple:P41597,ENSG00000108691,ENSG00000121807,curated,TRUE,FALSE,1.75,,,,
CPI-SS02E9C11E7,NPPB_NPR1,simple:P16860,simple:P16066,ENSG00000120937,ENSG00000169418,guidetopharmacology.org,TRUE,FALSE,1.75,,,,
CPI-SS023D39112,NPPB_NPR3,simple:P16860,simple:P17342,ENSG00000120937,ENSG00000113389,InnateDB-All,TRUE,FALSE,1.75,,,,
CPI-SS0A3778103,NPPC_NPR3,simple:P23582,simple:P17342,ENSG00000163273,ENSG00000113389,InnateDB-All,TRUE,FALSE,1.75,,,,
CPI-SS02BB5E698,OSTN_NPR3,simple:P61366,simple:P17342,ENSG00000188729,ENSG00000113389,guidetopharmacology.org,TRUE,FALSE,1.75,,,,
CPI-SS0779676D0,NPPB_NPR2,simple:P16860,simple:P20594,ENSG00000120937,ENSG00000159899,InnateDB-All,TRUE,FALSE,1.75,,,,
CPI-SS04EE13FF7,NPPC_NPR2,simple:P23582,simple:P20594,ENSG00000163273,ENSG00000159899,guidetopharmacology.org,TRUE,FALSE,1.75,,,,
CPI-SS052B38F1C,CCL22_CCR4,simple:O00626,simple:P51679,ENSG00000102962,ENSG00000183813,curated,TRUE,FALSE,1.75,,,,
CPI-SS0EA05941A,CCL5_CCR4,simple:P13501,simple:P51679,ENSG00000271503,ENSG00000183813,curated,TRUE,FALSE,1.75,,,,
CPI-SS0EDD38B58,CCL17_CCR4,simple:Q92583,simple:P51679,ENSG00000102970,ENSG00000183813,curated,TRUE,FALSE,1.75,,,,
CPI-SS0F562FEA5,CXCL2_CXCR2,simple:P19875,simple:P25025,ENSG00000081041,ENSG00000180871,curated,TRUE,FALSE,1.75,,,,
CPI-SS093B46106,CXCL6_CXCR2,simple:P80162,simple:P25025,ENSG00000124875,ENSG00000180871,curated,TRUE,FALSE,1.75,,,,
CPI-SS0C491A3C1,PPBP_CXCR2,simple:P02775,simple:P25025,ENSG00000163736,ENSG00000180871,curated,TRUE,FALSE,1.75,,,,
CPI-SS09185EA8F,CXCL3_CXCR2,simple:P19876,simple:P25025,ENSG00000163734,ENSG00000180871,curated,TRUE,FALSE,1.75,,,,
CPI-SS0223F2B31,CCL15_CCR3,simple:Q16663,simple:P51677,ENSG00000275718,ENSG00000183625,curated,TRUE,FALSE,1.75,,,,
CPI-SS0DF6991A8,CCL8_CCR3,simple:P80075,simple:P51677,ENSG00000108700,ENSG00000183625,curated,TRUE,FALSE,1.75,,,,
CPI-SS008CEEAB9,CCL7_CCR3,simple:P80098,simple:P51677,ENSG00000108688,ENSG00000183625,curated,TRUE,FALSE,1.75,,,,
CPI-SS0F6B529A1,CCL5_CCR3,simple:P13501,simple:P51677,ENSG00000271503,ENSG00000183625,curated,TRUE,FALSE,1.75,,,,
CPI-SS0EFE0B07A,CXCL12_CXCR3,simple:P48061,simple:P49682,ENSG00000107562,ENSG00000186810,guidetopharmacology.org,TRUE,FALSE,1.75,,,,
CPI-SS07B005E6A,CCL19_CXCR3,simple:Q99731,simple:P49682,ENSG00000172724,ENSG00000186810,guidetopharmacology.org,TRUE,FALSE,1.75,,,,
CPI-SS0BC5EEC2D,CCL20_CXCR3,simple:P78556,simple:P49682,ENSG00000115009,ENSG00000186810,guidetopharmacology.org,TRUE,FALSE,1.75,,,,
CPI-SS080683E15,CXCL10_CXCR3,simple:P02778,simple:P49682,ENSG00000169245,ENSG00000186810,curated,TRUE,FALSE,1.75,,,,
CPI-SS09A1EB4B3,CXCL9_CXCR3,simple:Q07325,simple:P49682,ENSG00000138755,ENSG00000186810,curated,TRUE,FALSE,1.75,,,,
CPI-SS0A28DCA72,CXCL12_CXCR4,simple:P48061,simple:P61073,ENSG00000107562,ENSG00000121966,curated,TRUE,FALSE,1.75,,,,
CPI-SS068BC31E4,CXCL9_DPP4,simple:Q07325,simple:P27487,ENSG00000138755,ENSG00000197635,curated,TRUE,FALSE,1.75,,,,
CPI-SS006FB5198,GCG_DPP4,simple:P01275,simple:P27487,ENSG00000115263,ENSG00000197635,MINT,TRUE,FALSE,1.75,,,,
CPI-SS039863E62,CCL25_CCR9,simple:O15444,simple:P51686,ENSG00000131142,ENSG00000173585,curated,TRUE,FALSE,1.75,,,,
CPI-SS0652F5D15,NPPB_DPP4,simple:P16860,simple:P27487,ENSG00000120937,ENSG00000197635,MINT,TRUE,FALSE,1.75,,,,
CPI-SS0605AC9BF,CCL19_CCRL2,simple:Q99731,simple:O00421,ENSG00000172724,ENSG00000121797,guidetopharmacology.org,TRUE,FALSE,1.75,,,,
CPI-SS00AEC3818,CCL19_ACKR4,simple:Q99731,simple:Q9NPB9,ENSG00000172724,ENSG00000129048,curated,TRUE,FALSE,1.75,,,,
CPI-SS0ECD9BB5E,CCL21_ACKR4,simple:O00585,simple:Q9NPB9,ENSG00000137077,ENSG00000129048,curated,TRUE,FALSE,1.75,,,,
CPI-SS083B5EBAB,CXCL13_ACKR4,simple:O43927,simple:Q9NPB9,ENSG00000156234,ENSG00000129048,curated,TRUE,FALSE,1.75,,,,
CPI-SS09239FB26,CCL19_CCR7,simple:Q99731,simple:P32248,ENSG00000172724,ENSG00000126353,curated,TRUE,FALSE,1.75,,,,
CPI-SS06C0074BD,CCL21_CCR7,simple:O00585,simple:P32248,ENSG00000137077,ENSG00000126353,curated,TRUE,FALSE,1.75,,,,
CPI-SS0079E2156,CCL20_CCR6,simple:P78556,simple:P51684,ENSG00000115009,ENSG00000112486,curated,TRUE,FALSE,1.75,,,,
CPI-SS0F33890C0,CCL11_CCR3,simple:P51671,simple:P51677,ENSG00000172156,ENSG00000183625,curated,TRUE,FALSE,1.75,,,,
CPI-SS0AEC33FF1,CCL22_DPP4,simple:O00626,simple:P27487,ENSG00000102962,ENSG00000197635,curated,TRUE,FALSE,1.75,,,,
CPI-SS08083B141,NRP1_SEMA3A,simple:O14786,simple:Q14563,ENSG00000099250,ENSG00000075213,curated,TRUE,FALSE,1.75,,,,
CPI-SS0C2437E0D,CXCL13_CXCR5,simple:O43927,simple:P32302,ENSG00000156234,ENSG00000160683,curated,TRUE,FALSE,1.75,,,,
CPI-SS0049FD74F,TNFRSF10B_FASLG,simple:O14763,simple:P48023,ENSG00000120889,ENSG00000117560,InnateDB-All,TRUE,FALSE,1.75,,,,
CPI-SS00ADA045A,FAS_TNFSF13,simple:P25445,simple:O75888,ENSG00000026103,ENSG00000161955,InnateDB-All,TRUE,FALSE,1.75,,,,
CPI-SS0E23CEB91,LGALS9_HAVCR2,simple:O00182,simple:Q8TDQ0,ENSG00000168961,ENSG00000135077,curated,TRUE,FALSE,1.75,,,,
CPI-SS04F90EE0D,SELE_GLG1,simple:P16581,simple:Q92896,ENSG00000007908,ENSG00000090863,curated,FALSE,FALSE,1.75,,,,
CPI-SS092E57263,CSF2_CSF1R,simple:P04141,simple:P07333,ENSG00000164400,ENSG00000182578,guidetopharmacology.org,TRUE,FALSE,1.75,,,,
CPI-SS08376F0E6,CSF3_CSF3R,simple:P09919,simple:Q99062,ENSG00000108342,ENSG00000119535,curated,TRUE,FALSE,1.75,,,,
CPI-SS0B3C45484,CSF2_CSF3R,simple:P04141,simple:Q99062,ENSG00000164400,ENSG00000119535,InnateDB-All,TRUE,FALSE,1.75,,,,
CPI-SS0B4EEA780,TGFBR3_TGFB3,simple:Q03167,simple:P10600,ENSG00000069702,ENSG00000119699,curated,TRUE,FALSE,1.75,,,,
CPI-SS06006F870,TTR_AGER,simple:P02766,simple:Q15109,ENSG00000118271,ENSG00000204305,MINT,TRUE,FALSE,1.75,,,,
CPI-SS0E00478B4,NRP2_VEGFA,simple:O60462,simple:P15692,ENSG00000118257,ENSG00000112715,curated,TRUE,FALSE,1.75,,,,
CPI-SS043D33875,KDR_VEGFA,simple:P35968,simple:P15692,ENSG00000128052,ENSG00000112715,curated,TRUE,FALSE,1.75,,,,
CPI-SS0C8F2C0F6,FLT1_VEGFA,simple:P17948,simple:P15692,ENSG00000102755,ENSG00000112715,curated,TRUE,FALSE,1.75,,,,
CPI-SS0DE0A486F,NRP1_VEGFA,simple:O14786,simple:P15692,ENSG00000099250,ENSG00000112715,curated,TRUE,FALSE,1.75,,,,
CPI-SS0D22A09AD,NRP2_PGF,simple:O60462,simple:P49763,ENSG00000118257,ENSG00000119630,curated,TRUE,FALSE,1.75,,,,
CPI-SS0E61DB5DF,FLT1_PGF,simple:P17948,simple:P49763,ENSG00000102755,ENSG00000119630,curated,TRUE,FALSE,1.75,,,,
CPI-SS0855C0353,NRP1_PGF,simple:O14786,simple:P49763,ENSG00000099250,ENSG00000119630,curated,TRUE,FALSE,1.75,,,,
CPI-SS0947A8549,FLT1_VEGFB,simple:P17948,simple:P49765,ENSG00000102755,ENSG00000173511,curated,TRUE,FALSE,1.75,,,,
CPI-SS098425155,ADRB2_VEGFB,simple:P07550,simple:P49765,ENSG00000169252,ENSG00000173511,InnateDB-All,TRUE,FALSE,1.75,,,,
CPI-SS018588D3A,TNFRSF1A_TNFSF13,simple:P19438,simple:O75888,ENSG00000067182,ENSG00000161955,InnateDB-All,TRUE,FALSE,1.75,,,,
CPI-SS0D329BE85,SELE_CD44,simple:P16581,simple:P16070,ENSG00000007908,ENSG00000026508,curated,FALSE,FALSE,1.75,,,,
CPI-SS0703338F5,LGALS9_CD44,simple:O00182,simple:P16070,ENSG00000168961,ENSG00000026508,InnateDB,TRUE,FALSE,1.75,,,,
CPI-SS092AA7A93,SPN_ICAM1,simple:P16150,simple:P05362,ENSG00000197471,ENSG00000090339,curated,FALSE,FALSE,1.75,,,,
CPI-SS09947DDD9,EGF_EGFR,simple:P01133,simple:P00533,ENSG00000138798,ENSG00000146648,curated,TRUE,FALSE,1.75,,,,
CPI-SS0CC966B71,BTC_EGFR,simple:P35070,simple:P00533,ENSG00000174808,ENSG00000146648,curated,TRUE,FALSE,1.75,,,,
CPI-SS004C23DCE,EREG_EGFR,simple:O14944,simple:P00533,ENSG00000124882,ENSG00000146648,curated,TRUE,FALSE,1.75,,,,
CPI-SS05A6C9EC5,BTC_ERBB3,simple:P35070,simple:P21860,ENSG00000174808,ENSG00000065361,curated,TRUE,FALSE,1.75,,,,
CPI-SS053613259,NRG2_ERBB3,simple:O14511,simple:P21860,ENSG00000158458,ENSG00000065361,curated,TRUE,FALSE,1.75,,,,
CPI-SS0A021DB6E,CCL5_CCR1,simple:P13501,simple:P32246,ENSG00000271503,ENSG00000163823,curated,TRUE,FALSE,1.75,,,,
CPI-SS0DCF161BD,CCL18_CCR1,simple:P55774,simple:P32246,ENSG00000275385,ENSG00000163823,guidetopharmacology.org,TRUE,FALSE,1.75,,,,
CPI-SS02CC53E89,CCL7_CCR1,simple:P80098,simple:P32246,ENSG00000108688,ENSG00000163823,curated,TRUE,FALSE,1.75,,,,
CPI-SS0A4F27388,TNFRSF1A_FASLG,simple:P19438,simple:P48023,ENSG00000067182,ENSG00000117560,InnateDB-All,TRUE,FALSE,1.75,,,,
CPI-SS087054090,CCL8_CCR1,simple:P80075,simple:P32246,ENSG00000108700,ENSG00000163823,curated,TRUE,FALSE,1.75,,,,
CPI-SS0B01D306C,CCL5_CCR5,simple:P13501,simple:P51681,ENSG00000271503,ENSG00000160791,curated,TRUE,FALSE,1.75,,,,
CPI-SS09C16258E,CCL7_CCR5,simple:P80098,simple:P51681,ENSG00000108688,ENSG00000160791,curated,TRUE,FALSE,1.75,,,,
CPI-SS0C30EC0DE,CCL8_CCR5,simple:P80075,simple:P51681,ENSG00000108700,ENSG00000160791,curated,TRUE,FALSE,1.75,,,,
CPI-SS0BFCF6B11,CCL27_CCR10,simple:Q9Y4X3,simple:P46092,ENSG00000213927,ENSG00000184451,curated,TRUE,FALSE,1.75,,,,
CPI-SS0854A5B2B,KLRG1_CDH1,simple:Q96E93,simple:P12830,ENSG00000139187,ENSG00000039068,curated,FALSE,FALSE,1.75,,,,
CPI-SS0A7DF44A1,ACKR1_CCL5,simple:Q16570,simple:P13501,ENSG00000213088,ENSG00000271503,curated,TRUE,FALSE,1.75,,,,
CPI-SS0563E51A8,ACKR1_CCL2,simple:Q16570,simple:P13500,ENSG00000213088,ENSG00000108691,curated,TRUE,FALSE,1.75,,,,
CPI-SS03165AD8C,ACKR2_CCL2,simple:O00590,simple:P13500,ENSG00000144648,ENSG00000108691,curated,TRUE,FALSE,1.75,,,,
CPI-SS0A76E2CE9,CCL15_CCR1,simple:Q16663,simple:P32246,ENSG00000275718,ENSG00000163823,curated,TRUE,FALSE,1.75,,,,
CPI-SS0A7E3A1AF,C5_C5AR2,simple:P01031,simple:Q9P296,ENSG00000106804,ENSG00000134830,guidetopharmacology.org,TRUE,FALSE,1.75,,,,
CPI-SS0830C7910,EFNA2_EPHA8,simple:O43921,simple:P29322,ENSG00000099617,ENSG00000070886,curated,FALSE,FALSE,1.75,,,,
CPI-SS0C8ED6F41,EFNA3_EPHA8,simple:P52797,simple:P29322,ENSG00000143590,ENSG00000070886,curated,FALSE,FALSE,1.75,,,,
CPI-SS0261EA048,WNT3A_FZD2,simple:P56704,simple:Q14332,ENSG00000154342,ENSG00000180340,InnateDB-All,TRUE,FALSE,1.75,,,,
CPI-SS02C418D99,WNT2_FZD2,simple:P09544,simple:Q14332,ENSG00000105989,ENSG00000180340,curated,TRUE,FALSE,1.75,,,,
CPI-SS0057AB387,RSPO1_LGR4,simple:Q2MKA7,simple:Q9BXB1,ENSG00000169218,ENSG00000205213,guidetopharmacology.org,TRUE,FALSE,1.75,,,,
CPI-SS01E3453DB,RSPO2_LGR4,simple:Q6UXX9,simple:Q9BXB1,ENSG00000147655,ENSG00000205213,guidetopharmacology.org,TRUE,FALSE,1.75,,,,
CPI-SS034D3988F,RSPO4_LGR4,simple:Q2I0M5,simple:Q9BXB1,ENSG00000101282,ENSG00000205213,guidetopharmacology.org,TRUE,FALSE,1.75,,,,
CPI-SS09B2320BC,RSPO1_LGR5,simple:Q2MKA7,simple:O75473,ENSG00000169218,ENSG00000139292,guidetopharmacology.org,TRUE,FALSE,1.75,,,,
CPI-SS056D0AD0D,RSPO2_LGR5,simple:Q6UXX9,simple:O75473,ENSG00000147655,ENSG00000139292,guidetopharmacology.org,TRUE,FALSE,1.75,,,,
CPI-SS079CAC99C,RSPO4_LGR5,simple:Q2I0M5,simple:O75473,ENSG00000101282,ENSG00000139292,guidetopharmacology.org,TRUE,FALSE,1.75,,,,
CPI-SS0E5397537,RSPO1_LGR6,simple:Q2MKA7,simple:Q9HBX8,ENSG00000169218,ENSG00000133067,guidetopharmacology.org,TRUE,FALSE,1.75,,,,
CPI-SS019104E2E,RSPO2_LGR6,simple:Q6UXX9,simple:Q9HBX8,ENSG00000147655,ENSG00000133067,guidetopharmacology.org,TRUE,FALSE,1.75,,,,
CPI-SS0EB5364D4,RSPO3_LGR6,simple:Q9BXY4,simple:Q9HBX8,ENSG00000146374,ENSG00000133067,guidetopharmacology.org,TRUE,FALSE,1.75,,,,
CPI-SS0609FCF76,RSPO4_LGR6,simple:Q2I0M5,simple:Q9HBX8,ENSG00000101282,ENSG00000133067,guidetopharmacology.org,TRUE,FALSE,1.75,,,,
CPI-SS0B1535576,CXCL16_CXCR6,simple:Q9H2A7,simple:O00574,ENSG00000161921,ENSG00000172215,guidetopharmacology.org,TRUE,FALSE,1.75,,,,
CPI-SS05A8552D7,EDA_EDAR,simple:Q92838,simple:Q9UNE0,ENSG00000158813,ENSG00000135960,guidetopharmacology.org,TRUE,FALSE,1.75,,,,
CPI-SS00797FD15,EDA_EDA2R,simple:Q92838,simple:Q9HAV5,ENSG00000158813,ENSG00000131080,guidetopharmacology.org,TRUE,FALSE,1.75,,,,
CPI-SS056AA08CF,EDN2_EDNRA,simple:P20800,simple:P25101,ENSG00000127129,ENSG00000151617,guidetopharmacology.org,TRUE,FALSE,1.75,,,,
CPI-SS005572B52,VEGFC_FLT4,simple:P49767,simple:P35916,ENSG00000150630,ENSG00000037280,curated,TRUE,FALSE,1.75,,,,
CPI-SS01C2BA5C8,WNT5A_FZD2,simple:P41221,simple:Q14332,ENSG00000114251,ENSG00000180340,curated,TRUE,FALSE,1.75,,,,
CPI-SS002673EFE,WNT5A_FZD3,simple:P41221,simple:Q9NPG1,ENSG00000114251,ENSG00000104290,curated,TRUE,FALSE,1.75,,,,
CPI-SS05550A895,WNT7A_FZD5,simple:O00755,simple:Q13467,ENSG00000154764,ENSG00000163251,curated,TRUE,FALSE,1.75,,,,
CPI-SS0E32BEF02,WNT5A_FZD5,simple:P41221,simple:Q13467,ENSG00000114251,ENSG00000163251,curated,TRUE,FALSE,1.75,,,,
CPI-SS0CF7B434C,NTRK2_NTF3,simple:Q16620,simple:P20783,ENSG00000148053,ENSG00000185652,curated,TRUE,FALSE,1.75,,,,
CPI-SS004A073E1,NTRK1_NTF3,simple:P04629,simple:P20783,ENSG00000198400,ENSG00000185652,curated,TRUE,FALSE,1.75,,,,
CPI-SS02B567BC7,PLXNC1_SEMA7A,simple:O60486,simple:O75326,ENSG00000136040,ENSG00000138623,curated,FALSE,FALSE,1.75,,,,
CPI-SS0FC17A1D0,PROKR2_ADIPOQ,simple:Q8NFJ6,simple:Q15848,ENSG00000101292,ENSG00000181092,IntAct,TRUE,FALSE,1.75,,,,
CPI-SS04A4A2334,ASGR2_ADIPOQ,simple:P07307,simple:Q15848,ENSG00000161944,ENSG00000181092,IntAct,TRUE,FALSE,1.75,,,,
CPI-SS04256AA73,ALCAM_CD6,simple:Q13740,simple:P30203,ENSG00000170017,ENSG00000013725,curated,TRUE,FALSE,1.75,,,,
CPI-SS0A06F86B9,PPY_NPY4R,simple:P01298,simple:P50391,ENSG00000108849,ENSG00000204174,guidetopharmacology.org,TRUE,FALSE,1.75,,,,
CPI-SS0C2000B56,PNP_NPY5R,simple:P01298,simple:Q15761,ENSG00000198805,ENSG00000164129,guidetopharmacology.org,TRUE,FALSE,1.75,,,,
CPI-SS0C2561156,WNT2_FZD4,simple:P09544,simple:Q9ULV1,ENSG00000105989,ENSG00000174804,curated,TRUE,FALSE,1.75,,,,
CPI-SS0C2000B56,PPY_NPY5R,simple:P01298,simple:Q15761,ENSG00000108849,ENSG00000164129,guidetopharmacology.org,TRUE,FALSE,1.75,,,,
CPI-SS0D97E07F8,FLT3LG_FLT3,simple:P49771,simple:P36888,ENSG00000090554,ENSG00000122025,curated,TRUE,FALSE,1.75,,,,
CPI-SS0D8158973,FGFR1_FGF19,simple:P11362,simple:O95750,ENSG00000077782,ENSG00000162344,InnateDB-All,TRUE,FALSE,1.75,,,,
CPI-SS0D8158973,FLG_FGF19,simple:P11362,simple:O95750,ENSG00000143631,ENSG00000162344,InnateDB-All,TRUE,FALSE,1.75,,,,
CPI-SS0C5ED0332,FGFR4_FGF19,simple:P22455,simple:O95750,ENSG00000160867,ENSG00000162344,InnateDB-All,TRUE,FALSE,1.75,,,,
CPI-SS039799099,FGFR1_NCAM1,simple:P11362,simple:P13591,ENSG00000077782,ENSG00000149294,curated,TRUE,FALSE,1.75,,,,
CPI-SS039799099,FLG_NCAM1,simple:P11362,simple:P13591,ENSG00000143631,ENSG00000149294,curated,TRUE,FALSE,1.75,,,,
CPI-SS0CDEE4A57,RARRES2_CMKLR1,simple:Q99969,simple:Q99788,ENSG00000106538,ENSG00000174600,guidetopharmacology.org,TRUE,FALSE,1.75,,,,
CPI-SS095A33EE9,RARRES2_GPR1,simple:Q99969,simple:P46091,ENSG00000106538,ENSG00000183671,guidetopharmacology.org,TRUE,FALSE,1.75,,,,
CPI-SS03EBC1233,CCR5_CCL4,simple:P51681,simple:P13236,ENSG00000160791,ENSG00000275302,curated,TRUE,FALSE,1.75,,,,
CPI-SS0D79D2F2A,NTRK2_NTF4,simple:Q16620,simple:P34130,ENSG00000148053,ENSG00000225950,IntAct,TRUE,FALSE,1.75,,,,
CPI-SS0B8083B44,WNT7B_FZD4,simple:P56706,simple:Q9ULV1,ENSG00000188064,ENSG00000174804,curated,TRUE,FALSE,1.75,,,,
CPI-SC0273E24EB,ARTN_RET receptor 3,simple:Q5T4W7,complex:RET receptor 3,ENSG00000117407,,curated,TRUE,FALSE,1.75,,,,
CPI-SS01999882C,CD70_CD27,simple:P32970,simple:P26842,ENSG00000125726,ENSG00000139193,curated,TRUE,FALSE,1.75,,,,
CPI-SS04BCE85CA,GAL_GALR2,simple:P22466,simple:O43603,ENSG00000069482,ENSG00000182687,guidetopharmacology.org,TRUE,FALSE,1.75,,,,
CPI-SS01B7CB0E7,GUCA2B_GUCY2C,simple:Q16661,simple:P25092,ENSG00000044012,ENSG00000070019,guidetopharmacology.org,TRUE,FALSE,1.75,,,,
CPI-SS01B7CB0E7,GUCA2B_STAR,simple:Q16661,simple:P25092,ENSG00000044012,ENSG00000147465,guidetopharmacology.org,TRUE,FALSE,1.75,,,,
CPI-SS08BF22309,GUCA2A_GUCY2C,simple:Q02747,simple:P25092,ENSG00000197273,ENSG00000070019,guidetopharmacology.org,TRUE,FALSE,1.75,,,,
CPI-SS08BF22309,GUCA2A_STAR,simple:Q02747,simple:P25092,ENSG00000197273,ENSG00000147465,guidetopharmacology.org,TRUE,FALSE,1.75,,,,
CPI-SS03339363E,HLAE_HUMAN_KLRK1,simple:P13747,simple:P26718,ENSG00000204592,ENSG00000213809,curated,FALSE,FALSE,1.75,,,,
CPI-SS077B160B9,IL15_IL15RA,simple:P40933,simple:Q13261,ENSG00000164136,ENSG00000134470,guidetopharmacology.org,TRUE,FALSE,1.75,,,,
CPI-SS0DC2A6D35,IL6_HRH1,simple:P05231,simple:P35367,ENSG00000136244,ENSG00000196639,IntAct,TRUE,FALSE,1.75,,,,
CPI-SS031151895,NPB_NPBWR1,simple:Q8NG41,simple:P48145,ENSG00000183979,ENSG00000183729,guidetopharmacology.org,TRUE,FALSE,1.75,,,,
CPI-SS0888931C5,NPW_NPBWR1,simple:Q8N729,simple:P48145,ENSG00000183971,ENSG00000183729,guidetopharmacology.org,TRUE,FALSE,1.75,,,,
CPI-SS0ED2573CA,TNFSF11_TNFRSF11A,simple:O14788,simple:Q9Y6Q6,ENSG00000120659,ENSG00000141655,curated,TRUE,FALSE,1.75,,,,
CPI-SS0B281803E,ENHO_GPR19,simple:Q6UWT2,simple:Q15760,ENSG00000168913,ENSG00000183150,guidetopharmacology.org,TRUE,FALSE,1.75,,,,
CPI-SS084816B12,PPOX_HCRTR1,simple:O43612,simple:O43613,ENSG00000143224,ENSG00000121764,guidetopharmacology.org,TRUE,FALSE,1.75,,,,
CPI-SS02461AE98,PPOX_HCRTR2,simple:O43612,simple:O43614,ENSG00000143224,ENSG00000137252,guidetopharmacology.org,TRUE,FALSE,1.75,,,,
CPI-SS04FB6F38D,PROK1_PROKR1,simple:P58294,simple:Q8TCW9,ENSG00000143125,ENSG00000169618,guidetopharmacology.org,TRUE,FALSE,1.75,,,,
CPI-SS09F635449,PROK2_PROKR1,simple:Q9HC23,simple:Q8TCW9,ENSG00000163421,ENSG00000169618,guidetopharmacology.org,TRUE,FALSE,1.75,,,,
CPI-SS0276D5C7E,ENTPD1_ADORA3,simple:P49961,simple:P0DMS8,ENSG00000138185,ENSG00000282608,curated,FALSE,FALSE,1.75,,,,
CPI-SS08C884E97,ENTPD1_ADORA2B,simple:P49961,simple:P29275,ENSG00000138185,ENSG00000170425,curated,FALSE,FALSE,1.75,,,,
CPI-SS0E90C46BC,ENTPD1_ADORA2A,simple:P49961,simple:P29274,ENSG00000138185,ENSG00000128271,curated,FALSE,FALSE,1.75,,,,
CPI-SS026C7F8A2,ENTPD1_ADORA1,simple:P49961,simple:P30542,ENSG00000138185,ENSG00000163485,curated,FALSE,FALSE,1.75,,,,
CPI-SS044C72D0D,SEMA4A_PLXND1,simple:Q9H3S1,simple:Q9Y4D7,ENSG00000196189,ENSG00000004399,curated,FALSE,FALSE,1.75,,,,
CPI-SS0F3A089DE,SEMA3E_PLXND1,simple:O15041,simple:Q9Y4D7,ENSG00000170381,ENSG00000004399,curated,TRUE,FALSE,1.75,,,,
CPI-SS0606E97F0,SEMA4D_PLXNB1,simple:Q92854,simple:O43157,ENSG00000187764,ENSG00000164050,curated,TRUE,FALSE,1.75,,,,
CPI-SS0BC7F3EB5,SEMA4D_CD72,simple:Q92854,simple:P21854,ENSG00000187764,ENSG00000137101,curated,FALSE,FALSE,1.75,,,,
CPI-SS02B7540B0,SELP_SELPLG,simple:P16109,simple:Q14242,ENSG00000174175,ENSG00000110876,curated,FALSE,FALSE,1.75,,,,
CPI-SS087321EB5,SELL_SELPLG,simple:P14151,simple:Q14242,ENSG00000188404,ENSG00000110876,curated,FALSE,FALSE,1.75,,,,
CPI-SS0EB5AEC83,SELL_CD34,simple:P14151,simple:P28906,ENSG00000188404,ENSG00000174059,curated,FALSE,FALSE,1.75,,,,
CPI-SS04FDFE943,SELL_PODXL,simple:P14151,simple:O00592,ENSG00000188404,ENSG00000128567,curated,FALSE,FALSE,1.75,,,,
CPI-SS01469637C,WNT2B_FZD4,simple:Q93097,simple:Q9ULV1,ENSG00000134245,ENSG00000174804,curated,TRUE,FALSE,1.75,,,,
CPI-SS07A178C01,GHRL_TBXA2R,simple:Q9UBU3,simple:P21731,ENSG00000157017,ENSG00000006638,InnateDB-All,TRUE,FALSE,1.75,,,,
CPI-SS0DE3B267F,GHRL_GHSR,simple:Q9UBU3,simple:Q92847,ENSG00000157017,ENSG00000121853,guidetopharmacology.org,TRUE,FALSE,1.75,,,,
CPI-SS0C4173BD9,LEAP2_GHSR,simple:Q969E1,simple:Q92847,ENSG00000164406,ENSG00000121853,guidetopharmacology.org,TRUE,FALSE,1.75,,,,
CPI-SS09EF9F821,GHRL_PTGER3,simple:Q9UBU3,simple:P43115,ENSG00000157017,ENSG00000050628,InnateDB-All,TRUE,FALSE,1.75,,,,
CPI-SS0F558C3B7,ROR1_NGF,simple:Q01973,simple:P01138,ENSG00000185483,ENSG00000134259,InnateDB-All,TRUE,FALSE,1.75,,,,
CPI-SS01D725385,ROR1_WNT5A,simple:Q01973,simple:P41221,ENSG00000185483,ENSG00000114251,InnateDB-All,TRUE,FALSE,1.75,,,,
CPI-SS0B836353B,FZD1_WNT5A,simple:Q9UP38,simple:P41221,ENSG00000157240,ENSG00000114251,curated,TRUE,FALSE,1.75,,,,
CPI-SS0A612BCEF,KITLG_KIT,simple:P21583,simple:P10721,ENSG00000049130,ENSG00000157404,curated,TRUE,FALSE,1.75,,,,
CPI-SS0D00AAD2F,SEMA5A_PLXNB3,simple:Q13591,simple:Q9ULL4,ENSG00000112902,ENSG00000198753,curated,FALSE,FALSE,1.75,,,,
CPI-SS00F32F8C0,GHRL_PTGIR,simple:Q9UBU3,simple:P43119,ENSG00000157017,ENSG00000160013,InnateDB-All,TRUE,FALSE,1.75,,,,
CPI-SS0E9A581F8,ICAM1_ITGAL,simple:P05362,simple:P20701,ENSG00000090339,ENSG00000005844,curated,FALSE,FALSE,1.75,,,,
CPI-SS02A170A99,SPN_SIGLEC1,simple:P16150,simple:Q9BZZ2,ENSG00000197471,ENSG00000088827,curated,TRUE,FALSE,1.75,,,,
CPI-SS03E48EFEA,C3_C3AR1,simple:P01024,simple:Q16581,ENSG00000125730,ENSG00000171860,guidetopharmacology.org,TRUE,FALSE,1.75,,,,
CPI-SS08719F19E,APELA_APLNR,simple:P0DMC3,simple:P35414,ENSG00000248329,ENSG00000134817,guidetopharmacology.org,TRUE,FALSE,1.75,,,,
CPI-SS086CB298F,APLN_APLNR,simple:Q9ULZ1,simple:P35414,ENSG00000171388,ENSG00000134817,guidetopharmacology.org,TRUE,FALSE,1.75,,,,
CPI-SS05996C8FD,AGT_AGTR1,simple:P01019,simple:P30556,ENSG00000135744,ENSG00000144891,guidetopharmacology.org,TRUE,FALSE,1.75,,,,
CPI-SS069924427,AGT_AGTR2,simple:P01019,simple:P50052,ENSG00000135744,ENSG00000180772,guidetopharmacology.org,TRUE,FALSE,1.75,,,,
CPI-SS0EDEEE57E,UCN2_CRHR2,simple:Q96RP3,simple:Q13324,ENSG00000145040,ENSG00000106113,guidetopharmacology.org,TRUE,FALSE,1.75,,,,
CPI-SS06CCF5A54,ANXA1_FPR3,simple:P04083,simple:P25089,ENSG00000135046,ENSG00000187474,guidetopharmacology.org,TRUE,FALSE,1.75,,,,
CPI-SS0EEECE1C4,HEBP1_FPR3,simple:Q9NRV9,simple:P25089,ENSG00000013583,ENSG00000187474,guidetopharmacology.org,FALSE,FALSE,1.75,,,,
CPI-SS0EB136379,WNT1_CD36,simple:P04628,simple:P16671,ENSG00000125084,ENSG00000135218,InnateDB,TRUE,FALSE,1.75,,,,
CPI-SS00A6240B6,WNT1_ROR2,simple:P04628,simple:Q01974,ENSG00000125084,ENSG00000169071,InnateDB-All,TRUE,FALSE,1.75,,,,
CPI-SS0193C3064,WNT1_FZD8,simple:P04628,simple:Q9H461,ENSG00000125084,ENSG00000177283,InnateDB-All,TRUE,FALSE,1.75,,,,
CPI-SS048604E28,WNT3A_FZD8,simple:P56704,simple:Q9H461,ENSG00000154342,ENSG00000177283,IntAct,TRUE,FALSE,1.75,,,,
CPI-SS0DC5ADBF1,WNT1_FZD1,simple:P04628,simple:Q9UP38,ENSG00000125084,ENSG00000157240,curated,TRUE,FALSE,1.75,,,,
CPI-SS06669C0C8,NGFR_TTR,simple:P08138,simple:P02766,ENSG00000064300,ENSG00000118271,MINT,TRUE,FALSE,1.75,,,,
CPI-SS0CE96B837,EFNB3_EPHB1,simple:Q15768,simple:P54762,ENSG00000108947,ENSG00000154928,curated,FALSE,FALSE,1.75,,,,
CPI-SS01BBAD475,EFNB3_EPHB3,simple:Q15768,simple:P54753,ENSG00000108947,ENSG00000182580,curated,FALSE,FALSE,1.75,,,,
CPI-SS0A39F4895,EFNB3_EPHB6,simple:Q15768,simple:O15197,ENSG00000108947,ENSG00000106123,curated,TRUE,FALSE,1.75,,,,
CPI-SS0ECCB4382,EFNB3_EPHB2,simple:Q15768,simple:P29323,ENSG00000108947,ENSG00000133216,curated,FALSE,FALSE,1.75,,,,
CPI-SS056FF4363,CD48_CD244,simple:P09326,simple:Q9BZW8,ENSG00000117091,ENSG00000122223,curated,FALSE,FALSE,1.75,,,,
CPI-SS0F6AA700E,EFNB3_EPHB4,simple:Q15768,simple:P54760,ENSG00000108947,ENSG00000196411,curated,FALSE,FALSE,1.75,,,,
CPI-SS0822AEF5F,PTPRC_MRC1,simple:P08575,simple:P22897,ENSG00000081237,ENSG00000260314,curated,FALSE,FALSE,1.75,,,,
CPI-SS0F81DBF22,EFNA4_EPHA7,simple:P52798,simple:Q15375,ENSG00000243364,ENSG00000135333,curated,TRUE,FALSE,1.75,,,,
CPI-SS0F6A01237,EFNA5_EPHA8,simple:P52803,simple:P29322,ENSG00000184349,ENSG00000070886,curated,FALSE,FALSE,1.75,,,,
CPI-SS037E6BEDF,EFNA1_EPHA8,simple:P20827,simple:P29322,ENSG00000169242,ENSG00000070886,curated,TRUE,FALSE,1.75,,,,
CPI-SS0AA68C8E5,EFNA4_EPHA8,simple:P52798,simple:P29322,ENSG00000243364,ENSG00000070886,curated,TRUE,FALSE,1.75,,,,
CPI-SS08A54963F,EFNA2_EPHA2,simple:O43921,simple:P29317,ENSG00000099617,ENSG00000142627,curated,FALSE,FALSE,1.75,,,,
CPI-SS09587DA63,EFNA5_EPHA2,simple:P52803,simple:P29317,ENSG00000184349,ENSG00000142627,curated,FALSE,FALSE,1.75,,,,
CPI-SS0C875BA24,EFNA2_EPHA3,simple:O43921,simple:P29320,ENSG00000099617,ENSG00000044524,curated,TRUE,FALSE,1.75,,,,
CPI-SS0C70ADA28,EFNA5_EPHA3,simple:P52803,simple:P29320,ENSG00000184349,ENSG00000044524,curated,TRUE,FALSE,1.75,,,,
CPI-SS0B34CBA4B,EFNA2_EPHA1,simple:O43921,simple:P21709,ENSG00000099617,ENSG00000146904,curated,FALSE,FALSE,1.75,,,,
CPI-SS0D01E21D9,F11R_BDNF,simple:Q9Y624,simple:P23560,ENSG00000158769,ENSG00000176697,IntAct,TRUE,FALSE,1.75,,,,
CPI-SS04E33D0FB,EFNA5_EPHA1,simple:P52803,simple:P21709,ENSG00000184349,ENSG00000146904,curated,FALSE,FALSE,1.75,,,,
CPI-SS079EF5D9C,EFNA3_EPHA5,simple:P52797,simple:P54756,ENSG00000143590,ENSG00000145242,curated,FALSE,FALSE,1.75,,,,
CPI-SS09E3F5044,EFNA5_EPHA5,simple:P52803,simple:P54756,ENSG00000184349,ENSG00000145242,curated,FALSE,FALSE,1.75,,,,
CPI-SS0762B455F,EFNA1_EPHA5,simple:P20827,simple:P54756,ENSG00000169242,ENSG00000145242,curated,TRUE,FALSE,1.75,,,,
CPI-SS0008137B6,EFNA4_EPHA5,simple:P52798,simple:P54756,ENSG00000243364,ENSG00000145242,curated,TRUE,FALSE,1.75,,,,
CPI-SS0FC01B947,EFNA5_EPHA4,simple:P52803,simple:P54764,ENSG00000184349,ENSG00000116106,curated,FALSE,FALSE,1.75,,,,
CPI-SS084B1ED25,EFNB3_EPHA4,simple:Q15768,simple:P54764,ENSG00000108947,ENSG00000116106,curated,FALSE,FALSE,1.75,,,,
CPI-SS0D5DBB634,EFNA3_EPHA7,simple:P52797,simple:Q15375,ENSG00000143590,ENSG00000135333,curated,FALSE,FALSE,1.75,,,,
CPI-SS03E450F99,EFNA1_EPHA7,simple:P20827,simple:Q15375,ENSG00000169242,ENSG00000135333,curated,TRUE,FALSE,1.75,,,,
CPI-SS0D81D9F5E,EFNA2_EPHA5,simple:O43921,simple:P54756,ENSG00000099617,ENSG00000145242,curated,FALSE,FALSE,1.75,,,,
CPI-SS0C8D6BD62,LILRB4_LAIR1,simple:Q8NHJ6,simple:Q6GTX8,ENSG00000186818,ENSG00000167613,curated,FALSE,FALSE,1.75,,,,
CPI-SS0F8DE3306,RLN2_RXFP3,simple:P04090,simple:Q9NSD7,ENSG00000107014,ENSG00000182631,guidetopharmacology.org,TRUE,FALSE,1.75,,,,
CPI-SS02EF37382,RLN3_RXFP3,simple:Q8WXF3,simple:Q9NSD7,ENSG00000171136,ENSG00000182631,guidetopharmacology.org,TRUE,FALSE,1.75,,,,
CPI-SS0189C79E7,FGFR2_FGF10,simple:P21802,simple:O15520,ENSG00000066468,ENSG00000070193,IntAct,TRUE,FALSE,1.75,,,,
CPI-SS07AF9303D,GRP_GRPR,simple:P07492,simple:P30550,ENSG00000134443,ENSG00000126010,guidetopharmacology.org,TRUE,FALSE,1.75,,,,
CPI-SS0C1520B40,DSC1_DSG1,simple:Q08554,simple:Q02413,ENSG00000134765,ENSG00000134760,curated,FALSE,FALSE,1.75,,,,
CPI-SS03B99978F,PTPRZ1_MDK,simple:P23471,simple:P21741,ENSG00000106278,ENSG00000110492,curated,TRUE,FALSE,1.75,,,,
CPI-SS052F9CDB6,LRP1_PDGFB,simple:Q07954,simple:P01127,ENSG00000123384,ENSG00000100311,InnateDB-All,TRUE,FALSE,1.75,,,,
CPI-SS050195FEB,PTPRZ1_PTN,simple:P23471,simple:P21246,ENSG00000106278,ENSG00000105894,curated,TRUE,FALSE,1.75,,,,
CPI-SS0B0CF0EDF,TNFSF15_TNFRSF25,simple:O95150,simple:Q93038,ENSG00000181634,ENSG00000215788,guidetopharmacology.org,TRUE,FALSE,1.75,,,,
CPI-SS098F8DB82,POMC_MC4R,simple:P01189,simple:P32245,ENSG00000115138,ENSG00000166603,guidetopharmacology.org,TRUE,FALSE,1.75,,,,
CPI-SS03EACE0E0,MST1_MST1R,simple:P26927,simple:Q04912,ENSG00000173531,ENSG00000164078,curated,TRUE,FALSE,1.75,,,,
CPI-SS09CF5B145,AGRP_MC4R,simple:O00253,simple:P32245,ENSG00000159723,ENSG00000166603,guidetopharmacology.org,TRUE,FALSE,1.75,,,,
CPI-SS0CC136A8D,AGRP_MC5R,simple:O00253,simple:P33032,ENSG00000159723,ENSG00000176136,guidetopharmacology.org,TRUE,FALSE,1.75,,,,
CPI-SS0A8627ED6,PVR_CD226,simple:P15151,simple:Q15762,ENSG00000073008,ENSG00000150637,curated,TRUE,FALSE,1.75,,,,
CPI-SS0ABFB17ED,CD96_PVR,simple:P40200,simple:P15151,ENSG00000153283,ENSG00000073008,curated,TRUE,FALSE,1.75,,,,
CPI-SS0109D5B6A,DSG2_DSC1,simple:Q14126,simple:Q08554,ENSG00000046604,ENSG00000134765,curated,FALSE,FALSE,1.75,,,,
CPI-SS000568A0E,FCER2_CR2,simple:P06734,simple:P20023,ENSG00000104921,ENSG00000117322,curated,TRUE,FALSE,1.75,,,,
CPI-SS09DB7D3A1,IGF1R_IGF2,simple:P08069,simple:P01344,ENSG00000140443,ENSG00000167244,curated,TRUE,FALSE,1.75,,,,
CPI-SS066FBE098,IL13_IL13RA2,simple:P35225,simple:Q14627,ENSG00000169194,ENSG00000123496,curated,TRUE,FALSE,1.75,,,,
CPI-SS0F20B8633,NOTCH2_DLL1,simple:Q04721,simple:O00548,ENSG00000134250,ENSG00000198719,curated,FALSE,FALSE,1.75,,,,
CPI-SS0BE6DBE1A,POMC_MC5R,simple:P01189,simple:P33032,ENSG00000115138,ENSG00000176136,guidetopharmacology.org,TRUE,FALSE,1.75,,,,
CPI-SS0AEED3EB0,PROK2_PROKR2,simple:Q9HC23,simple:Q8NFJ6,ENSG00000163421,ENSG00000101292,guidetopharmacology.org,TRUE,FALSE,1.75,,,,
CPI-SS075B1AA3A,PSAP_GPR37L1,simple:P07602,simple:O60883,ENSG00000197746,ENSG00000170075,guidetopharmacology.org,TRUE,FALSE,1.75,,,,
CPI-SS0BC458CF7,EPHA4_EFNA2,simple:P54764,simple:O43921,ENSG00000116106,ENSG00000099617,curated,FALSE,FALSE,1.75,,,,
CPI-SS045EC4F7D,RLN2_RXFP1,simple:P04090,simple:Q9HBX9,ENSG00000107014,ENSG00000171509,guidetopharmacology.org,TRUE,FALSE,1.75,,,,
CPI-SS031E35270,RLN3_RXFP1,simple:Q8WXF3,simple:Q9HBX9,ENSG00000171136,ENSG00000171509,guidetopharmacology.org,TRUE,FALSE,1.75,,,,
CPI-SS08805BBC2,RLF_RXFP1,simple:P51460,simple:Q9HBX9,ENSG00000117000,ENSG00000171509,guidetopharmacology.org,TRUE,FALSE,1.75,,,,
CPI-SS018FB4D9F,RLN2_RXFP2,simple:P04090,simple:Q8WXD0,ENSG00000107014,ENSG00000133105,guidetopharmacology.org,TRUE,FALSE,1.75,,,,
CPI-SS02754C0EA,RLN3_RXFP2,simple:Q8WXF3,simple:Q8WXD0,ENSG00000171136,ENSG00000133105,guidetopharmacology.org,TRUE,FALSE,1.75,,,,
CPI-SS06CF55F94,RLF_RXFP2,simple:P51460,simple:Q8WXD0,ENSG00000117000,ENSG00000133105,guidetopharmacology.org,TRUE,FALSE,1.75,,,,
CPI-SS0C85BC9AF,PROS1_AXL,simple:P07225,simple:P30530,ENSG00000184500,ENSG00000167601,guidetopharmacology.org,TRUE,FALSE,1.75,,,,
CPI-SS0F7FF099C,GAS6_MERTK,simple:Q14393,simple:Q12866,ENSG00000183087,ENSG00000153208,guidetopharmacology.org,TRUE,FALSE,1.75,,,,
CPI-SS0D8DE8E59,PSAP_GPR37,simple:P07602,simple:O15354,ENSG00000197746,ENSG00000170775,guidetopharmacology.org,TRUE,FALSE,1.75,,,,
CPI-SS09C4988F8,PROS1_TYRO3,simple:P07225,simple:Q06418,ENSG00000184500,ENSG00000092445,guidetopharmacology.org,TRUE,FALSE,1.75,,,,
CPI-SS012F60F11,SEMA4D_PLXNB2,simple:Q92854,simple:O15031,ENSG00000187764,ENSG00000196576,curated,FALSE,FALSE,1.75,,,,
CPI-SS0892F3080,SEMA4C_PLXNB2,simple:Q9C0C4,simple:O15031,ENSG00000168758,ENSG00000196576,curated,FALSE,FALSE,1.75,,,,
CPI-SS011931B0F,SEMA4G_PLXNB2,simple:Q9NTN9,simple:O15031,ENSG00000095539,ENSG00000196576,curated,FALSE,FALSE,1.75,,,,
CPI-SS00F4DDF4B,PTN_PTPRS,simple:P21246,simple:Q13332,ENSG00000105894,ENSG00000105426,IntAct,TRUE,FALSE,1.75,,,,
CPI-SS08EC6823D,CD80_CTLA4,simple:P33681,simple:P16410,ENSG00000121594,ENSG00000163599,curated,FALSE,FALSE,1.75,,,,
CPI-SS007DA8C89,EPHA7_EFNA5,simple:Q15375,simple:P52803,ENSG00000135333,ENSG00000184349,curated,FALSE,FALSE,1.75,,,,
CPI-SS0586F2596,EPHB2_EFNA5,simple:P29323,simple:P52803,ENSG00000133216,ENSG00000184349,curated,FALSE,FALSE,1.75,,,,
CPI-SS0A16EDB50,EPHA7_EFNA2,simple:Q15375,simple:O43921,ENSG00000135333,ENSG00000099617,curated,FALSE,FALSE,1.75,,,,
CPI-SS07F2369F1,PTN_PLXNB2,simple:P21246,simple:O15031,ENSG00000105894,ENSG00000196576,IntAct,TRUE,FALSE,1.75,,,,
CPI-SC0BD56F4CB,PSPN_RET receptor 4,simple:O60542,complex:RET receptor 4,ENSG00000125650,,curated,TRUE,FALSE,1.75,,,,
CPI-CS0D3A5EF39,a10b1 complex_COL18A1,complex:a10b1 complex,simple:P39060,,ENSG00000182871,curated,TRUE,TRUE,1.75,,,,
CPI-CS0675BC1C4,a10b1 complex_COL6A3,complex:a10b1 complex,simple:P12111,,ENSG00000163359,curated,TRUE,TRUE,1.75,,,,
CPI-SS096DC69CB,AVPR1A_AVP,simple:P37288,simple:P01185,ENSG00000166148,ENSG00000101200,IntAct,TRUE,FALSE,1.75,,,,
CPI-CS0AD401B3B,a11b1 complex_COL6A1,complex:a11b1 complex,simple:P12109,,ENSG00000142156,curated,TRUE,TRUE,1.75,,,,
CPI-CS01A52F76F,a3b1 complex_THBS1,complex:a3b1 complex,simple:P07996,,ENSG00000137801,curated,FALSE,TRUE,1.75,,,,
CPI-SS0327E1782,IGFL3_U2AF1L4,simple:Q6UXB1,simple:Q9H665,ENSG00000188624,ENSG00000161265,UniProt,TRUE,FALSE,1.75,,,,
CPI-CS0C2D8F73F,a11b1 complex_COL6A3,complex:a11b1 complex,simple:P12111,,ENSG00000163359,curated,TRUE,TRUE,1.75,,,,
CPI-CS075A8A661,a11b1 complex_COL16A1,complex:a11b1 complex,simple:Q07092,,ENSG00000084636,curated,TRUE,TRUE,1.75,,,,
CPI-SS06CA6F094,UTS2R_UTS2B,simple:Q9UKP6,simple:Q765I0,ENSG00000181408,ENSG00000188958,InnateDB-All,TRUE,FALSE,1.75,,,,
CPI-CS04721C346,a1b1 complex_COL6A1,complex:a1b1 complex,simple:P12109,,ENSG00000142156,curated,TRUE,TRUE,1.75,,,,
CPI-CS01CB84779,a1b1 complex_COL16A1,complex:a1b1 complex,simple:Q07092,,ENSG00000084636,curated,TRUE,TRUE,1.75,,,,
CPI-SS0BAB460FF,ANGPT2_TEK,simple:O15123,simple:Q02763,ENSG00000091879,ENSG00000120156,curated,TRUE,FALSE,1.75,,,,
CPI-CS0871912DC,a10b1 complex_COL16A1,complex:a10b1 complex,simple:Q07092,,ENSG00000084636,curated,TRUE,TRUE,1.75,,,,
CPI-SS0D89F86A7,ANGPT4_TEK,simple:Q9Y264,simple:Q02763,ENSG00000101280,ENSG00000120156,curated,TRUE,FALSE,1.75,,,,
CPI-CS06A2E9737,a1b1 complex_COL10A1,complex:a1b1 complex,simple:Q03692,,ENSG00000123500,curated,TRUE,TRUE,1.75,,,,
CPI-SS0E9F84F1F,LEFTY1_TDGF1,simple:O75610,simple:P13385,ENSG00000243709,ENSG00000241186,curated,TRUE,FALSE,1.75,,,,
CPI-CS0044ABBE0,a11b1 complex_COL10A1,complex:a11b1 complex,simple:Q03692,,ENSG00000123500,curated,TRUE,TRUE,1.75,,,,
CPI-SS033C67295,UTS2_UTS2R,simple:O95399,simple:Q9UKP6,ENSG00000049247,ENSG00000181408,guidetopharmacology.org,TRUE,FALSE,1.75,,,,
CPI-SS0FF51A757,TNFSF18_TNFRSF18,simple:Q9UNG2,simple:Q9Y5U5,ENSG00000120337,ENSG00000186891,curated,TRUE,FALSE,1.75,,,,
CPI-CS0F22F32BA,a1b1 complex_COL6A3,complex:a1b1 complex,simple:P12111,,ENSG00000163359,curated,TRUE,TRUE,1.75,,,,
CPI-CS0A00A71C6,a2b1 complex_COL6A5,complex:a2b1 complex,simple:A8TX70,,ENSG00000172752,curated,TRUE,TRUE,1.75,,,,
CPI-SS0D7DB794A,CD274_CD80,simple:Q9NZQ7,simple:P33681,ENSG00000120217,ENSG00000121594,curated,FALSE,FALSE,1.75,,,,
CPI-CS0C6332E2B,a7b1 complex_LAMC1,complex:a7b1 complex,simple:P11047,,ENSG00000135862,curated,TRUE,TRUE,1.75,,,,
CPI-CS0DDF935C1,a1b1 complex_COL5A2,complex:a1b1 complex,simple:P05997,,ENSG00000204262,curated,TRUE,TRUE,1.75,,,,
CPI-CS0E11E1C0A,a4b1 complex_SPP1,complex:a4b1 complex,simple:P10451,,ENSG00000118785,curated,TRUE,TRUE,1.75,,,,
CPI-CS0FF7211BE,aVb1 complex_VTN,complex:aVb1 complex,simple:P04004,,ENSG00000109072,curated,TRUE,TRUE,1.75,,,,
CPI-SS0A1864A37,NPR1_NPPC,simple:P16066,simple:P23582,ENSG00000169418,ENSG00000163273,InnateDB-All,TRUE,FALSE,1.75,,,,
CPI-CS0B31C2B03,a10b1 complex_COL11A1,complex:a10b1 complex,simple:P12107,,ENSG00000060718,curated,TRUE,TRUE,1.75,,,,
CPI-CS0D5775EA2,a11b1 complex_COL5A2,complex:a11b1 complex,simple:P05997,,ENSG00000204262,curated,TRUE,TRUE,1.75,,,,
CPI-SS08DF7B12C,PDCD1LG2_PDCD1,simple:Q9BQ51,simple:Q15116,ENSG00000197646,ENSG00000188389,curated,TRUE,FALSE,1.75,,,,
CPI-CS0458264C5,a10b1 complex_COL5A2,complex:a10b1 complex,simple:P05997,,ENSG00000204262,curated,TRUE,TRUE,1.75,,,,
CPI-CS0E553C7D6,a1b1 complex_COL6A5,complex:a1b1 complex,simple:A8TX70,,ENSG00000172752,curated,TRUE,TRUE,1.75,,,,
CPI-CS0ADD714AE,a11b1 complex_COL6A5,complex:a11b1 complex,simple:A8TX70,,ENSG00000172752,curated,TRUE,TRUE,1.75,,,,
CPI-SS09D4B2070,CD274_PDCD1,simple:Q9NZQ7,simple:Q15116,ENSG00000120217,ENSG00000188389,curated,FALSE,FALSE,1.75,,,,
CPI-CS03FB91542,a11b1 complex_COL11A1,complex:a11b1 complex,simple:P12107,,ENSG00000060718,curated,TRUE,TRUE,1.75,,,,
CPI-CS0CA892219,a10b1 complex_COL6A5,complex:a10b1 complex,simple:A8TX70,,ENSG00000172752,curated,TRUE,TRUE,1.75,,,,
CPI-CS0BDCABA34,aVb5 complex_FN1,complex:aVb5 complex,simple:P02751,,ENSG00000115414,curated,TRUE,TRUE,1.75,,,,
CPI-CS001CEABA9,a1b1 complex_COL6A6,complex:a1b1 complex,simple:A6NMZ7,,ENSG00000206384,curated,TRUE,TRUE,1.75,,,,
CPI-CS051511E8D,a11b1 complex_COL6A6,complex:a11b1 complex,simple:A6NMZ7,,ENSG00000206384,curated,TRUE,TRUE,1.75,,,,
CPI-CS08E0D0E39,a10b1 complex_COL6A6,complex:a10b1 complex,simple:A6NMZ7,,ENSG00000206384,curated,TRUE,TRUE,1.75,,,,
CPI-SS03188FD02,CCR8_CCL18,simple:P51685,simple:P55774,ENSG00000179934,ENSG00000275385,curated,TRUE,FALSE,1.75,,,,
CPI-CS0D502E46A,a2b1 complex_COL6A6,complex:a2b1 complex,simple:A6NMZ7,,ENSG00000206384,curated,TRUE,TRUE,1.75,,,,
CPI-CS0C90BE49B,a1b1 complex_COL11A1,complex:a1b1 complex,simple:P12107,,ENSG00000060718,curated,TRUE,TRUE,1.75,,,,
CPI-CS061FF8FB3,a10b1 complex_COL6A1,complex:a10b1 complex,simple:P12109,,ENSG00000142156,curated,TRUE,TRUE,1.75,,,,
CPI-SS0431D2256,TNFSF9_TNFRSF9,simple:P41273,simple:Q07011,ENSG00000125657,ENSG00000049249,curated,TRUE,FALSE,1.75,,,,
CPI-CS094D5D014,a11b1 complex_FN1,complex:a11b1 complex,simple:P02751,,ENSG00000115414,curated,TRUE,TRUE,1.75,,,,
CPI-CS0FF0FD317,a2b1 complex_COL10A1,complex:a2b1 complex,simple:Q03692,,ENSG00000123500,curated,TRUE,TRUE,1.75,,,,
CPI-CS0CAF8C9A6,a11b1 complex_COL14A1,complex:a11b1 complex,simple:Q05707,,ENSG00000187955,curated,TRUE,TRUE,1.75,,,,
CPI-CS08D151D0D,a1b1 complex_COL14A1,complex:a1b1 complex,simple:Q05707,,ENSG00000187955,curated,TRUE,TRUE,1.75,,,,
CPI-CS01AAAA04A,a2b1 complex_COL4A6,complex:a2b1 complex,simple:Q14031,,ENSG00000197565,curated,TRUE,TRUE,1.75,,,,
CPI-CS09E2A4C75,a4b7 complex_FN1,complex:a4b7 complex,simple:P02751,,ENSG00000115414,curated,TRUE,TRUE,1.75,,,,
CPI-CS03BD8F598,a10b1 complex_COL4A6,complex:a10b1 complex,simple:Q14031,,ENSG00000197565,curated,TRUE,TRUE,1.75,,,,
CPI-CS0078E9262,a11b1 complex_COL4A6,complex:a11b1 complex,simple:Q14031,,ENSG00000197565,curated,TRUE,TRUE,1.75,,,,
CPI-CS06B536403,a10b1 complex_COL14A1,complex:a10b1 complex,simple:Q05707,,ENSG00000187955,curated,TRUE,TRUE,1.75,,,,
CPI-CS013047EEE,a1b1 complex_COL4A6,complex:a1b1 complex,simple:Q14031,,ENSG00000197565,curated,TRUE,TRUE,1.75,,,,
CPI-CS0217BD42B,a11b1 complex_COL8A1,complex:a11b1 complex,simple:P27658,,ENSG00000144810,curated,TRUE,TRUE,1.75,,,,
CPI-CS00C10F40F,a1b1 complex_COL8A1,complex:a1b1 complex,simple:P27658,,ENSG00000144810,curated,TRUE,TRUE,1.75,,,,
CPI-CS0FCF3050E,a10b1 complex_COL7A1,complex:a10b1 complex,simple:Q02388,,ENSG00000114270,curated,TRUE,TRUE,1.75,,,,
CPI-CS04593DC81,a11b1 complex_COL7A1,complex:a11b1 complex,simple:Q02388,,ENSG00000114270,curated,TRUE,TRUE,1.75,,,,
CPI-CS078142018,a1b1 complex_COL7A1,complex:a1b1 complex,simple:Q02388,,ENSG00000114270,curated,TRUE,TRUE,1.75,,,,
CPI-CS04E1F457A,a10b1 complex_COL3A1,complex:a10b1 complex,simple:P02461,,ENSG00000168542,curated,TRUE,TRUE,1.75,,,,
CPI-CS08D14CA7D,a10b1 complex_COL8A1,complex:a10b1 complex,simple:P27658,,ENSG00000144810,curated,TRUE,TRUE,1.75,,,,
CPI-CS0EDEB5ED3,a11b1 complex_COL3A1,complex:a11b1 complex,simple:P02461,,ENSG00000168542,curated,TRUE,TRUE,1.75,,,,
CPI-CS0C900CDF8,aVb6 complex_TNC,complex:aVb6 complex,simple:P24821,,ENSG00000041982,curated,TRUE,TRUE,1.75,,,,
CPI-CS011E677AC,a3b1 complex_FN1,complex:a3b1 complex,simple:P02751,,ENSG00000115414,curated,TRUE,TRUE,1.75,,,,
CPI-CS01C107980,a4b7 complex_MADCAM1,complex:a4b7 complex,simple:Q13477,,ENSG00000099866,curated,FALSE,TRUE,1.75,,,,
CPI-CS06B7139A7,a2b1 complex_COL1A1,complex:a2b1 complex,simple:P02452,,ENSG00000108821,curated,TRUE,TRUE,1.75,,,,
CPI-CS0D753BC92,a10b1 complex_COL1A1,complex:a10b1 complex,simple:P02452,,ENSG00000108821,curated,TRUE,TRUE,1.75,,,,
CPI-CS080C39903,a11b1 complex_COL1A1,complex:a11b1 complex,simple:P02452,,ENSG00000108821,curated,TRUE,TRUE,1.75,,,,
CPI-CS0A520E71F,a1b1 complex_COL1A1,complex:a1b1 complex,simple:P02452,,ENSG00000108821,curated,TRUE,TRUE,1.75,,,,
CPI-CS0C58D4424,a10b1 complex_FN1,complex:a10b1 complex,simple:P02751,,ENSG00000115414,curated,TRUE,TRUE,1.75,,,,
CPI-CS07428ADC3,a1b1 complex_COL4A2,complex:a1b1 complex,simple:P08572,,ENSG00000134871,curated,TRUE,TRUE,1.75,,,,
CPI-CS0DFC31AD1,a10b1 complex_COL4A1,complex:a10b1 complex,simple:P02462,,ENSG00000187498,curated,TRUE,TRUE,1.75,,,,
CPI-CS07746F377,a1b1 complex_COL4A1,complex:a1b1 complex,simple:P02462,,ENSG00000187498,curated,TRUE,TRUE,1.75,,,,
CPI-CS00438820D,a4b7 complex_VCAM1,complex:a4b7 complex,simple:P19320,,ENSG00000162692,curated,FALSE,TRUE,1.75,,,,
CPI-CS0FF4E9E1E,a8b1 complex_FN1,complex:a8b1 complex,simple:P02751,,ENSG00000115414,curated,TRUE,TRUE,1.75,,,,
CPI-CS06CA1EF36,a4b1 complex_FN1,complex:a4b1 complex,simple:P02751,,ENSG00000115414,curated,TRUE,TRUE,1.75,,,,
CPI-CS099096063,a10b1 complex_COL4A2,complex:a10b1 complex,simple:P08572,,ENSG00000134871,curated,TRUE,TRUE,1.75,,,,
CPI-CS08BC1D0A5,a11b1 complex_COL4A2,complex:a11b1 complex,simple:P08572,,ENSG00000134871,curated,TRUE,TRUE,1.75,,,,
CPI-CS0CDE2E432,a11b1 complex_COL4A1,complex:a11b1 complex,simple:P02462,,ENSG00000187498,curated,TRUE,TRUE,1.75,,,,
CPI-CS069BED494,a1b1 complex_COL3A1,complex:a1b1 complex,simple:P02461,,ENSG00000168542,curated,TRUE,TRUE,1.75,,,,
CPI-CS0331C9408,a10b1 complex_COL11A2,complex:a10b1 complex,simple:P13942,,ENSG00000204248,curated,TRUE,TRUE,1.75,,,,
CPI-CS0FE4E40D1,a10b1 complex_COL5A1,complex:a10b1 complex,simple:P20908,,ENSG00000130635,curated,TRUE,TRUE,1.75,,,,
CPI-CS064C0B34E,a10b1 complex_COL4A5,complex:a10b1 complex,simple:P29400,,ENSG00000188153,curated,TRUE,TRUE,1.75,,,,
CPI-CS03510EBE9,a11b1 complex_COL4A5,complex:a11b1 complex,simple:P29400,,ENSG00000188153,curated,TRUE,TRUE,1.75,,,,
CPI-CS00F58CC59,a1b1 complex_COL4A5,complex:a1b1 complex,simple:P29400,,ENSG00000188153,curated,TRUE,TRUE,1.75,,,,
CPI-SS0388C9C86,CX3CL1_CX3CR1,simple:P78423,simple:P49238,ENSG00000006210,ENSG00000168329,curated,TRUE,FALSE,1.75,,,,
CPI-CS0CC30FCA5,a8b1 complex_TNC,complex:a8b1 complex,simple:P24821,,ENSG00000041982,curated,TRUE,TRUE,1.75,,,,
CPI-CS06223CD7E,a4b1 complex_TNC,complex:a4b1 complex,simple:P24821,,ENSG00000041982,curated,TRUE,TRUE,1.75,,,,
CPI-CS06AF4685C,a2b1 complex_COL4A5,complex:a2b1 complex,simple:P29400,,ENSG00000188153,curated,TRUE,TRUE,1.75,,,,
CPI-SS0B784A03E,CCL1_CCR8,simple:P22362,simple:P51685,ENSG00000108702,ENSG00000179934,curated,TRUE,FALSE,1.75,,,,
CPI-CS0C323518C,a11b1 complex_COL6A2,complex:a11b1 complex,simple:P12110,,ENSG00000142173,curated,TRUE,TRUE,1.75,,,,
CPI-CS04FB70A53,a1b1 complex_COL6A2,complex:a1b1 complex,simple:P12110,,ENSG00000142173,curated,TRUE,TRUE,1.75,,,,
CPI-CS0EF80F577,a2b1 complex_COL9A1,complex:a2b1 complex,simple:P20849,,ENSG00000112280,curated,TRUE,TRUE,1.75,,,,
CPI-CS0E37E6B34,a10b1 complex_COL9A1,complex:a10b1 complex,simple:P20849,,ENSG00000112280,curated,TRUE,TRUE,1.75,,,,
CPI-CS0FD6D52C6,a11b1 complex_COL9A1,complex:a11b1 complex,simple:P20849,,ENSG00000112280,curated,TRUE,TRUE,1.75,,,,
CPI-CS08A5619A7,a1b1 complex_COL9A1,complex:a1b1 complex,simple:P20849,,ENSG00000112280,curated,TRUE,TRUE,1.75,,,,
CPI-CS08B45B4A5,a10b1 complex_COL6A2,complex:a10b1 complex,simple:P12110,,ENSG00000142173,curated,TRUE,TRUE,1.75,,,,
CPI-SS07EF9679E,XCL1_XCR1,simple:P47992,simple:P46094,ENSG00000143184,ENSG00000173578,curated,TRUE,FALSE,1.75,,,,
CPI-CS0943A0FEE,a1b1 complex_COL9A2,complex:a1b1 complex,simple:Q14055,,ENSG00000049089,curated,TRUE,TRUE,1.75,,,,
CPI-CS0973DED56,a11b1 complex_COL9A2,complex:a11b1 complex,simple:Q14055,,ENSG00000049089,curated,TRUE,TRUE,1.75,,,,
CPI-CS0B0136049,a11b1 complex_COL5A1,complex:a11b1 complex,simple:P20908,,ENSG00000130635,curated,TRUE,TRUE,1.75,,,,
CPI-CS0814877A1,a1b1 complex_COL5A1,complex:a1b1 complex,simple:P20908,,ENSG00000130635,curated,TRUE,TRUE,1.75,,,,
CPI-CS0BD5B906C,a10b1 complex_COL2A1,complex:a10b1 complex,simple:P02458,,ENSG00000139219,curated,TRUE,TRUE,1.75,,,,
CPI-CS0596BED25,a11b1 complex_COL2A1,complex:a11b1 complex,simple:P02458,,ENSG00000139219,curated,TRUE,TRUE,1.75,,,,
CPI-CS0A025FD93,a1b1 complex_COL2A1,complex:a1b1 complex,simple:P02458,,ENSG00000139219,curated,TRUE,TRUE,1.75,,,,
CPI-CS0E7E52E21,a10b1 complex_COL17A1,complex:a10b1 complex,simple:Q9UMD9,,ENSG00000065618,curated,TRUE,TRUE,1.75,,,,
CPI-CS0CB8C52C7,a11b1 complex_COL17A1,complex:a11b1 complex,simple:Q9UMD9,,ENSG00000065618,curated,TRUE,TRUE,1.75,,,,
CPI-CS0AD1B2230,a1b1 complex_COL17A1,complex:a1b1 complex,simple:Q9UMD9,,ENSG00000065618,curated,TRUE,TRUE,1.75,,,,
CPI-CS0E623E651,aEb7 complex_CDH1,complex:aEb7 complex,simple:P12830,,ENSG00000039068,curated,FALSE,TRUE,1.75,,,,
CPI-SS0A9E884E0,CD200_CD200R1,simple:P41217,simple:Q8TD46,ENSG00000091972,ENSG00000163606,curated,TRUE,FALSE,1.75,,,,
CPI-CS00FE4DD46,a10b1 complex_COL1A2,complex:a10b1 complex,simple:P08123,,ENSG00000164692,curated,TRUE,TRUE,1.75,,,,
CPI-CS032ACB0EE,a11b1 complex_COL1A2,complex:a11b1 complex,simple:P08123,,ENSG00000164692,curated,TRUE,TRUE,1.75,,,,
CPI-CS04E6D2786,a1b1 complex_COL1A2,complex:a1b1 complex,simple:P08123,,ENSG00000164692,curated,TRUE,TRUE,1.75,,,,
CPI-CS0375CED88,a2b1 complex_COL9A2,complex:a2b1 complex,simple:Q14055,,ENSG00000049089,curated,TRUE,TRUE,1.75,,,,
CPI-CS0246973F7,a10b1 complex_COL9A2,complex:a10b1 complex,simple:Q14055,,ENSG00000049089,curated,TRUE,TRUE,1.75,,,,
CPI-CS0BEBEDAD1,a10b1 complex_COL10A1,complex:a10b1 complex,simple:Q03692,,ENSG00000123500,curated,TRUE,TRUE,1.75,,,,
CPI-SS04456F441,TNFSF4_TNFRSF4,simple:P23510,simple:P43489,ENSG00000117586,ENSG00000186827,curated,FALSE,FALSE,1.75,,,,
CPI-CS0D6E21143,a2b1 complex_COL4A3,complex:a2b1 complex,simple:Q01955,,ENSG00000169031,curated,TRUE,TRUE,1.75,,,,
CPI-CS0D84192A3,a1b1 complex_COL11A2,complex:a1b1 complex,simple:P13942,,ENSG00000204248,curated,TRUE,TRUE,1.75,,,,
CPI-SC04266947A,BMP2_BMR1A_AVR2B,simple:P12643,complex:BMR1A_AVR2B,ENSG00000125845,,curated,TRUE,FALSE,1.75,,,,
CPI-SC049520B40,BMP7_BMR1A_AVR2B,simple:P18075,complex:BMR1A_AVR2B,ENSG00000101144,,curated,TRUE,FALSE,1.75,,,,
CPI-SC01D95B14C,BMP4_BMR1A_AVR2B,simple:P12644,complex:BMR1A_AVR2B,ENSG00000125378,,curated,TRUE,FALSE,1.75,,,,
CPI-SC0D05B755E,BMP6_BMR1A_AVR2B,simple:P22004,complex:BMR1A_AVR2B,ENSG00000153162,,curated,TRUE,FALSE,1.75,,,,
CPI-SC02AACC81C,GDF5_BMR1A_AVR2B,simple:P43026,complex:BMR1A_AVR2B,ENSG00000125965,,curated,TRUE,FALSE,1.75,,,,
CPI-SC09E264612,BMP5_BMR1A_AVR2B,simple:P22003,complex:BMR1A_AVR2B,ENSG00000112175,,curated,TRUE,FALSE,1.75,,,,
CPI-SC0A6BE23E9,BMP8A_BMR1A_AVR2B,simple:Q7Z5Y6,complex:BMR1A_AVR2B,ENSG00000183682,,curated,TRUE,FALSE,1.75,,,,
CPI-SC0A4134C6C,GDF6_BMR1A_AVR2B,simple:Q6KF10,complex:BMR1A_AVR2B,ENSG00000156466,,curated,TRUE,FALSE,1.75,,,,
CPI-SC00694A66B,GDF6_BMR1A_ACR2A,simple:Q6KF10,complex:BMR1A_ACR2A,ENSG00000156466,,curated,TRUE,FALSE,1.75,,,,
CPI-SC0C403F032,BMP2_BMPR1B_BMPR2,simple:P12643,complex:BMPR1B_BMPR2,ENSG00000125845,,curated,TRUE,FALSE,1.75,,,,
CPI-SC07F8BC578,BMP4_BMPR1B_BMPR2,simple:P12644,complex:BMPR1B_BMPR2,ENSG00000125378,,curated,TRUE,FALSE,1.75,,,,
CPI-SC0DDF53DDB,BMP6_BMPR1B_BMPR2,simple:P22004,complex:BMPR1B_BMPR2,ENSG00000153162,,curated,TRUE,FALSE,1.75,,,,
CPI-SC0A76B562F,GDF5_BMPR1B_BMPR2,simple:P43026,complex:BMPR1B_BMPR2,ENSG00000125965,,curated,TRUE,FALSE,1.75,,,,
CPI-SC08AB23320,BMP5_BMPR1B_BMPR2,simple:P22003,complex:BMPR1B_BMPR2,ENSG00000112175,,curated,TRUE,FALSE,1.75,,,,
CPI-SC0E866CD7F,BMP8A_BMPR1B_BMPR2,simple:Q7Z5Y6,complex:BMPR1B_BMPR2,ENSG00000183682,,curated,TRUE,FALSE,1.75,,,,
CPI-SC090BF166F,GDF6_BMPR1B_BMPR2,simple:Q6KF10,complex:BMPR1B_BMPR2,ENSG00000156466,,curated,TRUE,FALSE,1.75,,,,
CPI-SC058533A46,BMP15_BMPR1B_BMPR2,simple:O95972,complex:BMPR1B_BMPR2,ENSG00000130385,,curated,TRUE,FALSE,1.75,,,,