id_cp_interaction,interacting_pair,partner_a,partner_b,ensembl_a,ensembl_b,source,secreted,isIntegrin,rank,Cd200+ DS_Cd200+ DS,Cd200+ DS_S100a4+ DSC,S100a4+ DSC_Cd200+ DS,S100a4+ DSC_S100a4+ DSC,Cd200+ DS_Crabp1+ Fibros,Crabp1+ Fibros_Cd200+ DS,Cd200+ DS_Mitotic Placode,Mitotic Placode_Cd200+ DS,Crabp1+ Fibros_S100a4+ DSC,S100a4+ DSC_Crabp1+ Fibros,Cd200+ DS_Placode Formation,Cd200+ DS_Rspo3+ Condensate,Mitotic Placode_S100a4+ DSC,Placode Formation_Cd200+ DS,Rspo3+ Condensate_Cd200+ DS,S100a4+ DSC_Mitotic Placode,Crabp1+ Fibros_Crabp1+ Fibros,Placode Formation_S100a4+ DSC,Rspo3+ Condensate_S100a4+ DSC,S100a4+ DSC_Placode Formation,S100a4+ DSC_Rspo3+ Condensate,Crabp1+ Fibros_Mitotic Placode,Mitotic Placode_Crabp1+ Fibros,Mitotic Placode_Mitotic Placode,Crabp1+ Fibros_Placode Formation,Crabp1+ Fibros_Rspo3+ Condensate,Placode Formation_Crabp1+ Fibros,Rspo3+ Condensate_Crabp1+ Fibros,Mitotic Placode_Placode Formation,Mitotic Placode_Rspo3+ Condensate,Placode Formation_Mitotic Placode,Rspo3+ Condensate_Mitotic Placode,Placode Formation_Placode Formation,Placode Formation_Rspo3+ Condensate,Rspo3+ Condensate_Placode Formation,Rspo3+ Condensate_Rspo3+ Condensate
CPI-SS03B99978F,PTPRZ1_MDK,simple:P23471,simple:P21741,ENSG00000106278,ENSG00000110492,curated,TRUE,FALSE,0.111,,,,,,,,,,,,,,,,,,,,,,,0.85,,,,0.862,,,1.141,,,,1.153,,
CPI-SS067695081,LRP1_MDK,simple:Q07954,simple:P21741,ENSG00000123384,ENSG00000110492,InnateDB-All,TRUE,FALSE,0.444,0.555,,0.85,0.724,1.119,0.581,,,,1.414,,1.41,,,,,1.145,,,,1.705,,0.843,,,1.436,0.844,0.962,,1.134,,,,1.136,,1.253
CPI-SS080C81D37,APP_CD74,simple:P05067,simple:P04233,ENSG00000142192,ENSG00000019582,curated,FALSE,FALSE,0.389,,,,0.917,,0.923,,,1.004,,,1.182,,,,0.902,0.807,,,0.89,1.319,0.988,,,0.976,1.406,,,,1.141,,,,1.121,,1.069
CPI-CS00BE13611,a2b1 complex_COL6A3,complex:a2b1 complex,simple:P12111,,ENSG00000163359,curated,TRUE,TRUE,0.222,,,,,,,,1.234,,,,,1.081,1.266,,,,1.112,,,,,1.273,,,,1.304,,,0.825,,,,0.856,,
CPI-CS03465F9E1,a2b1 complex_COL6A1,complex:a2b1 complex,simple:P12109,,ENSG00000142156,curated,TRUE,TRUE,0.222,,,,,,,,1.324,,,,,1.123,1.355,,,,1.155,,,,,1.425,,,,1.456,,,0.809,,,,0.84,,
CPI-CS02566ED5C,a2b1 complex_COL6A2,complex:a2b1 complex,simple:P12110,,ENSG00000142173,curated,TRUE,TRUE,0.222,,,,,,,,1.302,,,,,1.134,1.333,,,,1.165,,,,,1.335,,,,1.366,,,0.769,,,,0.801,,
CPI-CS08BFF8C2C,a2b1 complex_COL15A1,complex:a2b1 complex,simple:P39059,,ENSG00000204291,curated,TRUE,TRUE,0.167,,,,,,,,0.429,,,,,0.462,0.46,,,,0.493,,,,,,,,,,,,0.483,,,,0.514,,
CPI-CS0DD23C021,a2b1 complex_COL11A1,complex:a2b1 complex,simple:P12107,,ENSG00000060718,curated,TRUE,TRUE,0.111,,,,,,,,0.497,,,,,,0.528,,,,,,,,,,,,,,,,0.408,,,,0.439,,
CPI-CS0E781A324,a6b4 complex_IGF1,complex:a6b4 complex,simple:P05019,,ENSG00000017427,curated,TRUE,TRUE,0.194,,,,,,,,,,,,,0.558,0.417,,,,0.568,,,,,1.033,,,,1.044,,,0.411,,,,0.422,,
CPI-SS0E1FF5FD8,FGFR3_FGF7,simple:P22607,simple:P21781,ENSG00000068078,ENSG00000140285,InnateDB-All,TRUE,FALSE,0.167,,,,,,,,0.204,,,,,,0.176,,,,,,,,,0.176,,,,0.149,,,0.393,,,,0.365,,
CPI-SS0D01E21D9,F11R_BDNF,simple:Q9Y624,simple:P23560,ENSG00000158769,ENSG00000176697,IntAct,TRUE,FALSE,0.111,,,,,,,,,,,,,,,,,,,,,,,0.247,,,,0.287,,,0.324,,,,0.364,,
CPI-SS03E450F99,EFNA1_EPHA7,simple:P20827,simple:Q15375,ENSG00000169242,ENSG00000135333,curated,TRUE,FALSE,0.139,,,,,,,,,,,,0.183,,,,,,,,,,,,,,0.159,,,,0.264,,,,0.303,,0.184
CPI-SS040D3C47C,EFNB1_EPHB6,simple:P98172,simple:O15197,ENSG00000090776,ENSG00000106123,curated,TRUE,FALSE,0.25,,,,,,,,,,,0.163,0.294,,,,,,,,,0.232,,,,,0.274,,,,0.288,,0.287,,0.268,0.288,0.419
CPI-CS034DE5D82,a2b1 complex_COL14A1,complex:a2b1 complex,simple:Q05707,,ENSG00000187955,curated,TRUE,TRUE,0.167,,,,,,,,,,,,,0.505,,,,,0.536,,,,,0.622,,,,0.653,,,0.227,,,,0.259,,
CPI-CS0028629A4,a2b1 complex_COL4A1,complex:a2b1 complex,simple:P02462,,ENSG00000187498,curated,TRUE,TRUE,0.194,,,,,,,,0.361,,,,,0.297,0.392,,,,0.328,,,,,,,,,0.138,,,0.222,,,,0.254,,
CPI-SS0189C79E7,FGFR2_FGF10,simple:P21802,simple:O15520,ENSG00000066468,ENSG00000070193,IntAct,TRUE,FALSE,0.111,,,,,,,,,,,,0.191,,,,,,,,,,,,,,,,,,0.239,,,,0.25,,0.277
CPI-CS09534636D,a2b1 complex_COL4A2,complex:a2b1 complex,simple:P08572,,ENSG00000134871,curated,TRUE,TRUE,0.194,,,,,,,,0.27,,,,,0.232,0.301,,,,0.264,,,,,,,,,0.129,,,0.21,,,,0.241,,
CPI-SS05ABE6795,EFNB2_EPHB6,simple:P52799,simple:O15197,ENSG00000125266,ENSG00000106123,curated,TRUE,FALSE,0.167,,,,,,,,,,,,,,,,,,,,,0.226,0.179,,,0.18,0.31,,,,0.224,,,,0.229,,
CPI-SS0B99F22A2,JAG1_NOTCH3,simple:P78504,simple:Q9UM47,ENSG00000101384,ENSG00000074181,curated,FALSE,FALSE,0.194,,,,,,,,,,,,0.155,,,,,,,,,,,,0.169,,,,,,0.192,0.17,0.266,,0.194,,0.289
CPI-SS05A26A1DE,PDGFB_PDGFRB,simple:P01127,simple:P09619,ENSG00000100311,ENSG00000113721,curated,TRUE,FALSE,0.222,,,,,,,,0.253,,,,,0.334,0.268,,,,0.349,,,,,0.25,,,,0.266,,,0.173,,,,0.188,,
CPI-SS0652F5D15,NPPB_DPP4,simple:P16860,simple:P27487,ENSG00000120937,ENSG00000197635,MINT,TRUE,FALSE,0.111,,,,,,,,,,,,,0.156,,,,,0.154,,,,,,,,,,,,0.15,,,,0.148,,
CPI-CS0EEEC14D1,a2b1 complex_COL13A1,complex:a2b1 complex,simple:Q5TAT6,,ENSG00000197467,curated,FALSE,TRUE,0.056,,,,,,,,,,,,,,,,,,,,,,,,,,,,,,0.107,,,,0.139,,
CPI-SS047232C64,DLL1_NOTCH3,simple:O00548,simple:Q9UM47,ENSG00000198719,ENSG00000074181,curated,FALSE,FALSE,0.167,,,,,,,,,,,,,,,,,,,,,,,,0.08,,,,,,0.103,0.102,0.109,,0.125,,0.132
CPI-SS0F20B8633,NOTCH2_DLL1,simple:Q04721,simple:O00548,ENSG00000134250,ENSG00000198719,curated,FALSE,FALSE,0.306,,,,,,,0.131,,,,0.153,0.16,,,,0.12,,,,0.142,0.149,0.11,,,0.132,0.139,,,,,,,0.101,0.108,,
CPI-SS0263EFDDF,JAG2_NOTCH3,simple:Q9Y219,simple:Q9UM47,ENSG00000184916,ENSG00000074181,curated,FALSE,FALSE,0.111,,,,,,,,,,,,,,,,,,,,,,,,0.086,,,,,,0.109,0.073,,,0.096,,
CPI-SS0C85BC9AF,PROS1_AXL,simple:P07225,simple:P30530,ENSG00000184500,ENSG00000167601,guidetopharmacology.org,TRUE,FALSE,0.667,0.384,0.43,0.545,0.591,0.37,0.414,,0.276,0.46,0.531,,,0.322,0.277,0.35,0.346,0.399,0.323,0.396,0.34,0.381,0.215,0.261,,0.209,0.25,0.262,0.335,,,,,,,,
CPI-SS0AE964947,GAS6_AXL,simple:Q14393,simple:P30530,ENSG00000183087,ENSG00000167601,guidetopharmacology.org,TRUE,FALSE,0.611,0.379,0.425,0.621,0.667,0.364,0.296,,0.277,0.342,0.607,,0.215,0.323,0.289,0.331,0.423,0.282,0.335,0.377,0.417,0.457,,0.262,,,,0.274,0.317,,,,,,,,
CPI-CS03E874E60,TGFbeta receptor1_TGFB2,complex:TGFbeta receptor1,simple:P61812,,ENSG00000092969,curated,TRUE,FALSE,0.528,,0.278,,0.24,0.229,,0.171,,0.242,0.191,0.179,0.203,0.226,,0.245,,0.193,0.231,0.348,,,,0.177,,,,0.182,0.299,,,,0.24,,,0.249,0.273
CPI-SS0A8258F88,GRN_TNFRSF1A,simple:P28799,simple:P19438,ENSG00000030582,ENSG00000067182,MINT,TRUE,FALSE,0.5,0.467,0.545,0.605,0.684,0.502,0.586,0.564,,0.664,0.64,0.526,0.5,,,,0.702,0.621,,,0.664,0.638,0.683,,,0.645,0.619,,,,,,,,,,
CPI-SS039799099,FGFR1_NCAM1,simple:P11362,simple:P13591,ENSG00000077782,ENSG00000149294,curated,TRUE,FALSE,0.5,0.711,0.571,0.81,0.669,0.819,0.785,,0.455,0.645,0.917,,0.647,,,1.169,,0.892,,1.028,,0.745,,0.563,,,0.721,,1.276,,,,,,,,1.104
CPI-SS0178F5C45,TGFB2_TGFBR3,simple:P61812,simple:Q03167,ENSG00000092969,ENSG00000069702,curated,TRUE,FALSE,0.5,0.217,0.539,0.319,0.641,0.263,0.27,,0.212,0.592,0.366,,,0.534,0.221,0.245,,0.317,0.543,0.566,,,,0.258,,,,0.267,0.291,,,,,,,,
CPI-SS01C2BA5C8,WNT5A_FZD2,simple:P41221,simple:Q14332,ENSG00000114251,ENSG00000180340,curated,TRUE,FALSE,0.444,0.355,0.342,0.358,0.346,0.389,0.427,,,0.415,0.393,,,,,0.83,,0.462,,0.817,,0.24,,0.277,,,0.31,,0.864,,,,,,,,0.712
CPI-SS06E797E50,EFNB1_EPHB2,simple:P98172,simple:P29323,ENSG00000090776,ENSG00000133216,curated,FALSE,FALSE,0.444,0.199,0.202,,,0.217,0.179,,0.193,0.183,0.156,,,0.197,0.173,0.324,,0.198,0.177,0.328,,,,0.211,,,,0.192,0.342,,,,,,,,
CPI-CS0AF9D1B32,aVb1 complex_FN1,complex:aVb1 complex,simple:P02751,,ENSG00000115414,curated,TRUE,TRUE,0.417,0.466,1.035,0.545,1.114,1.077,0.474,,,1.043,1.157,,,0.995,,,,1.085,1.014,0.95,,,,1.037,,,,1.057,0.993,,,,,,,,
CPI-CS079D7F0BA,a5b1 complex_FBN1,complex:a5b1 complex,simple:P35555,,ENSG00000166147,curated,TRUE,TRUE,0.417,0.674,0.893,0.654,0.873,0.677,0.74,,0.619,0.959,0.657,,,0.839,0.628,,,0.743,0.848,,,,,0.623,,,,0.632,,,,,,,,,
CPI-SS0ABC5C1B8,CD74_MIF,simple:P04233,simple:P14174,ENSG00000019582,ENSG00000240972,InnateDB-All,TRUE,FALSE,0.389,,,,,,,1.525,,,,1.511,,,,1.648,1.606,,,1.49,1.592,,,,1.59,1.395,,,1.475,1.577,,1.578,2.008,1.565,,1.994,
CPI-SS060B82BBC,JAG1_NOTCH2,simple:P78504,simple:Q04721,ENSG00000101384,ENSG00000134250,curated,FALSE,FALSE,0.389,,0.172,,,,,,0.22,,,,,0.209,0.222,0.317,,,0.211,0.306,,,,0.199,,,,0.201,0.296,0.168,,,0.272,0.169,,0.265,
CPI-CS0BDCABA34,aVb5 complex_FN1,complex:aVb5 complex,simple:P02751,,ENSG00000115414,curated,TRUE,TRUE,0.389,,1.015,0.601,1.17,1.058,0.682,,,1.251,1.213,,,0.924,,,,1.294,0.918,0.94,,,,0.967,,,,0.96,0.982,,,,,,,,
CPI-SC0915DDE22,BMP4_BMPR1A_BMPR2,simple:P12644,complex:BMPR1A_BMPR2,ENSG00000125378,,curated,TRUE,FALSE,0.361,,0.216,0.314,0.334,,,,,,0.302,,,,,0.92,0.288,,,0.941,0.262,0.262,,,,,,,0.909,,,,0.894,,,0.868,0.869
CPI-SS0241A1F57,NRP2_SEMA3C,simple:O60462,simple:Q99985,ENSG00000118257,ENSG00000075223,curated,TRUE,FALSE,0.361,,,,,0.51,,0.461,,0.346,0.534,0.488,,,,,0.485,0.521,,,0.511,,0.472,,,0.498,,,0.519,,,,0.47,,,0.496,
CPI-SS0E928B8C8,FGF7_FGFR2,simple:P21781,simple:P21802,ENSG00000140285,ENSG00000066468,IntAct,TRUE,FALSE,0.361,0.193,,,,,,0.241,,,,0.251,0.278,,,0.382,,,,0.311,,,0.213,,,0.223,0.25,,0.314,,,,0.43,,,0.44,0.467
CPI-SS0C2003B74,EFNB1_EPHB3,simple:P98172,simple:P54753,ENSG00000090776,ENSG00000182580,curated,FALSE,FALSE,0.361,,0.214,,,0.267,,,,,0.205,,,0.208,,0.314,,0.247,0.189,0.339,,,,0.261,,,,0.241,0.392,,,,0.296,,,0.297,
CPI-SS027CDC2CA,RIF1_NOTCH1,simple:Q9Y581,simple:P46531,ENSG00000080345,ENSG00000148400,InnateDB-All,TRUE,FALSE,0.361,,,,,,,0.3,,,,0.247,,,,,0.299,,,,0.246,,0.282,,0.364,0.229,,,,0.311,0.236,0.318,0.319,0.265,,0.265,
CPI-SS0B4EEA780,TGFBR3_TGFB3,simple:Q03167,simple:P10600,ENSG00000069702,ENSG00000119699,curated,TRUE,FALSE,0.361,0.199,0.229,0.521,0.551,0.313,0.245,0.16,,0.276,0.635,,,,,,0.482,0.359,,,,,0.206,0.199,,,,,,,,,,,,,
CPI-CS00FDC6314,TGFbeta receptor2_TGFB2,complex:TGFbeta receptor2,simple:P61812,,ENSG00000092969,curated,TRUE,FALSE,0.361,,,0.161,0.264,,,,,0.252,0.215,,,0.221,,,0.156,0.203,0.228,,0.165,0.189,,0.172,,,0.177,0.179,,,,,,,,,
CPI-CS03DA9B97D,a5b1 complex_FN1,complex:a5b1 complex,simple:P02751,,ENSG00000115414,curated,TRUE,TRUE,0.361,0.397,0.966,0.377,0.946,1.008,0.462,,,1.031,0.988,,,0.911,,,,1.074,0.92,,,,,0.954,,,,0.963,,,,,,,,,
CPI-SS0B836353B,FZD1_WNT5A,simple:Q9UP38,simple:P41221,ENSG00000157240,ENSG00000114251,curated,TRUE,FALSE,0.361,0.28,0.284,0.329,0.332,0.353,0.402,,,0.405,0.402,,0.755,,,,,0.475,,,,0.804,0.289,,,,0.877,,,,,,,,,,
CPI-SS03446CB39,EFNB1_EPHA4,simple:P98172,simple:P54764,ENSG00000090776,ENSG00000116106,curated,FALSE,FALSE,0.333,,,,,,,0.356,,,,0.347,,,,,,,,,,,0.336,,0.35,0.328,,,0.411,0.341,,0.33,0.481,0.322,,0.472,0.336
CPI-SS0E00478B4,NRP2_VEGFA,simple:O60462,simple:P15692,ENSG00000118257,ENSG00000112715,curated,TRUE,FALSE,0.333,0.295,,0.318,,,0.305,0.271,,,,0.292,,,,0.303,0.295,,,,0.316,,0.282,,,0.303,,,,,,,0.28,,,0.301,
CPI-SS0586F2596,EPHB2_EFNA5,simple:P29323,simple:P52803,ENSG00000133216,ENSG00000184349,curated,FALSE,FALSE,0.333,,0.266,,0.27,0.249,,0.257,,0.284,0.253,0.253,,,,,0.26,0.267,,,0.257,,0.275,,,0.271,,,,,,,,,,,
CPI-SS07F2369F1,PTN_PLXNB2,simple:P21246,simple:O15031,ENSG00000105894,ENSG00000196576,IntAct,TRUE,FALSE,0.333,,,,,,1.385,,0.675,1.355,,,,0.645,,,,1.399,,,,,1.373,0.689,0.663,1.354,1.33,,,0.644,0.62,,,,,,
CPI-CS0C323518C,a11b1 complex_COL6A2,complex:a11b1 complex,simple:P12110,,ENSG00000142173,curated,TRUE,TRUE,0.333,1.316,1.149,1.373,1.205,1.35,1.531,,,1.363,1.406,,0.784,,,,,1.564,,,,0.841,,,,,0.999,,,,,,,,,,
CPI-CS0AD401B3B,a11b1 complex_COL6A1,complex:a11b1 complex,simple:P12109,,ENSG00000142156,curated,TRUE,TRUE,0.333,1.338,1.138,1.395,1.195,1.439,1.553,,,1.353,1.496,,0.823,,,,,1.654,,,,0.88,,,,,1.038,,,,,,,,,,
CPI-CS0C2D8F73F,a11b1 complex_COL6A3,complex:a11b1 complex,simple:P12111,,ENSG00000163359,curated,TRUE,TRUE,0.333,1.249,1.095,1.306,1.152,1.287,1.464,,,1.31,1.344,,0.84,,,,,1.502,,,,0.896,,,,,1.054,,,,,,,,,,
CPI-CS075A8A661,a11b1 complex_COL16A1,complex:a11b1 complex,simple:Q07092,,ENSG00000084636,curated,TRUE,TRUE,0.333,0.381,0.764,0.438,0.821,0.631,0.595,,,0.979,0.688,,,,,,,0.846,,,,,0.387,,,0.38,0.409,,,,,,,,,,
CPI-SS0ECC9DF3E,EFNB2_EPHB2,simple:P52799,simple:P29323,ENSG00000125266,ENSG00000133216,curated,FALSE,FALSE,0.333,,,0.131,0.135,,0.215,,0.129,0.219,0.15,,,0.132,0.134,,,0.234,0.138,,,,,0.147,,,,0.152,,,,,,,,,
CPI-SS052ADA696,JAG1_NOTCH1,simple:P78504,simple:P46531,ENSG00000101384,ENSG00000148400,curated,FALSE,FALSE,0.306,,,,,,,0.342,,,,0.289,,,,0.326,,,,,,,0.298,,0.38,,,,,0.326,,0.381,0.477,0.328,,0.424,0.348
CPI-CS0B0BBB2BB,TGFbeta receptor1_TGFB3,complex:TGFbeta receptor1,simple:P10600,,ENSG00000119699,curated,TRUE,FALSE,0.306,0.158,0.188,,,0.272,,,,,0.233,,,,,0.227,,0.235,,0.258,,,,0.22,,,,0.224,0.341,,,,0.188,,,,
CPI-CS0DE2F54C9,TGFbeta receptor1_TGFB1,complex:TGFbeta receptor1,simple:P01137,,ENSG00000105329,curated,TRUE,FALSE,0.306,0.171,0.144,0.133,,,0.135,,0.119,0.107,,,,0.092,0.124,0.241,,,0.097,0.213,,,,,,,,,,,,,,,,,
CPI-SS00F4DDF4B,PTN_PTPRS,simple:P21246,simple:Q13332,ENSG00000105894,ENSG00000105426,IntAct,TRUE,FALSE,0.306,,,,,,1.443,,0.733,1.495,,,,0.784,,,,1.558,,,,,1.474,0.847,0.763,1.466,1.386,,,0.756,,,,,,,
CPI-CS0CDE2E432,a11b1 complex_COL4A1,complex:a11b1 complex,simple:P02462,,ENSG00000187498,curated,TRUE,TRUE,0.306,0.375,0.311,0.432,0.368,,0.59,,,0.526,0.178,,0.237,,,,,0.336,,,,0.294,,,,,0.452,,,,,,,,,,
CPI-CS08BC1D0A5,a11b1 complex_COL4A2,complex:a11b1 complex,simple:P08572,,ENSG00000134871,curated,TRUE,TRUE,0.306,0.285,0.247,0.341,0.304,,0.499,,,0.462,0.169,,0.224,,,,,0.327,,,,0.281,,,,,0.439,,,,,,,,,,
CPI-SS082ABF1EA,EFNB2_EPHB3,simple:P52799,simple:P54753,ENSG00000125266,ENSG00000182580,curated,FALSE,FALSE,0.306,,,,0.146,,0.206,,,0.231,0.199,,,0.144,,,,0.283,0.149,,,,0.188,0.197,,0.188,,0.202,,,,,,,,,
CPI-SC070B9F112,BMP2_BMPR1A_BMPR2,simple:P12643,complex:BMPR1A_BMPR2,ENSG00000125845,,curated,TRUE,FALSE,0.306,,,,,,0.194,,0.203,0.215,,,,0.224,0.238,,,,0.258,,,,,0.192,0.177,,,0.226,,,,0.212,,0.186,,,
CPI-SC0B1EBCCC6,BMP7_BMPR1A_BMPR2,simple:P18075,complex:BMPR1A_BMPR2,ENSG00000101144,,curated,TRUE,FALSE,0.278,,,,,,,,0.162,,,,,0.182,,0.432,,,,0.453,,,,0.15,0.136,,,,0.42,,,,0.406,,,0.38,0.381
CPI-SS09587DA63,EFNA5_EPHA2,simple:P52803,simple:P29317,ENSG00000184349,ENSG00000142627,curated,FALSE,FALSE,0.278,,,,,,,,,,,0.358,,,,,0.413,,,,0.476,,0.396,,0.404,0.459,,,,0.467,,0.4,,0.463,,0.351,
CPI-SS0FC01B947,EFNA5_EPHA4,simple:P52803,simple:P54764,ENSG00000184349,ENSG00000116106,curated,FALSE,FALSE,0.278,,,,,,,,,,0.354,,,,,,0.423,,,,0.414,,0.406,0.344,0.414,0.397,,,,0.405,,0.41,,0.401,,,
CPI-SC0C8A5C197,SEMA3A_PlexinA1_complex3,simple:Q14563,complex:PlexinA1_complex3,ENSG00000075213,,curated,TRUE,FALSE,0.278,,,0.217,0.223,,0.183,,,0.189,0.266,,,,,,0.188,0.231,,,0.178,,0.153,,,0.144,,,,,,,,,,,
CPI-SS0CDAC688B,CXCL2_DPP4,simple:P19875,simple:P27487,ENSG00000081041,ENSG00000197635,curated,TRUE,FALSE,0.278,,0.319,,0.305,,,,,0.453,,,0.313,0.203,,,,,,0.302,,0.3,,,,,0.447,,,,0.198,,,,,,0.296
CPI-CS00A10621C,a6b1 complex_LAMC1,complex:a6b1 complex,simple:P11047,,ENSG00000135862,curated,TRUE,TRUE,0.278,,,,,,,,0.599,,,,,0.675,0.679,,,,0.756,,,,,0.651,0.514,,,0.731,,0.518,,0.595,,0.598,,,
CPI-SS09B2ACA25,HBEGF_EGFR,simple:Q99075,simple:P00533,ENSG00000113070,ENSG00000146648,curated,TRUE,FALSE,0.278,,,,,,,,0.468,,,,,0.466,0.555,,,,0.554,,,,,0.493,0.507,,,0.58,,0.527,,0.594,,0.614,,,
CPI-SS060790CF0,EPGN_EGFR,simple:Q6UW88,simple:P00533,ENSG00000182585,ENSG00000146648,curated,TRUE,FALSE,0.278,,,,,,,,0.296,,,,,0.294,0.318,,,,0.316,,,,,0.321,0.335,,,0.343,,0.355,,0.357,,0.377,,,
CPI-SS052119104,AREG_EGFR,simple:P15514,simple:P00533,ENSG00000109321,ENSG00000146648,curated,TRUE,FALSE,0.278,,,,,,,,0.254,,,,,0.252,0.229,,,,0.227,,,,,0.279,0.293,,,0.254,,0.313,,0.268,,0.288,,,
CPI-CS0F4339EDF,a11b1 complex_COL18A1,complex:a11b1 complex,simple:P39060,,ENSG00000182871,curated,TRUE,TRUE,0.25,,,,,,0.399,0.289,,0.397,,0.305,,,,,0.345,0.404,,,0.362,,0.503,,,0.52,,,,,,,,,,,
CPI-SS087E0E3FB,EFNB2_EPHA4,simple:P52799,simple:P54764,ENSG00000125266,ENSG00000116106,curated,FALSE,FALSE,0.25,,,,,,,,,,,,,,,,0.288,0.303,,,0.28,,0.372,,0.286,0.364,,,,0.277,,0.291,,0.282,,,
CPI-SS0DE0A486F,NRP1_VEGFA,simple:O14786,simple:P15692,ENSG00000099250,ENSG00000112715,curated,TRUE,FALSE,0.25,0.194,,0.287,,,0.263,0.171,,,,0.192,,,,,0.264,,,,0.285,,0.24,,,0.261,,,,,,,,,,,
CPI-SS0C3906934,RSPO3_LGR5,simple:Q9BXY4,simple:O75473,ENSG00000146374,ENSG00000139292,guidetopharmacology.org,TRUE,FALSE,0.25,,,0.179,0.176,,0.201,,,0.197,0.207,,,,,1.037,,0.229,,1.033,,,,,,,,,1.065,,,,,,,,
CPI-CS080C39903,a11b1 complex_COL1A1,complex:a11b1 complex,simple:P02452,,ENSG00000108821,curated,TRUE,TRUE,0.25,1.952,2.802,2.009,2.859,2.712,2.167,,,3.017,2.769,,,,,,,2.927,,,,,,,,,,,,,,,,,,,
CPI-CS032ACB0EE,a11b1 complex_COL1A2,complex:a11b1 complex,simple:P08123,,ENSG00000164692,curated,TRUE,TRUE,0.25,1.984,2.792,2.041,2.849,2.625,2.199,,,3.007,2.682,,,,,,,2.84,,,,,,,,,,,,,,,,,,,
CPI-CS0EDEB5ED3,a11b1 complex_COL3A1,complex:a11b1 complex,simple:P02461,,ENSG00000168542,curated,TRUE,TRUE,0.25,1.867,2.688,1.924,2.745,2.563,2.082,,,2.903,2.62,,,,,,,2.778,,,,,,,,,,,,,,,,,,,
CPI-CS0D5775EA2,a11b1 complex_COL5A2,complex:a11b1 complex,simple:P05997,,ENSG00000204262,curated,TRUE,TRUE,0.25,0.839,1.316,0.896,1.373,1.467,1.054,,,1.531,1.524,,,,,,,1.682,,,,,,,,,,,,,,,,,,,
CPI-CS0B0136049,a11b1 complex_COL5A1,complex:a11b1 complex,simple:P20908,,ENSG00000130635,curated,TRUE,TRUE,0.25,0.571,1.087,0.628,1.144,1.224,0.786,,,1.301,1.281,,,,,,,1.439,,,,,,,,,,,,,,,,,,,
CPI-CS0FF4E9E1E,a8b1 complex_FN1,complex:a8b1 complex,simple:P02751,,ENSG00000115414,curated,TRUE,TRUE,0.25,0.379,0.948,0.377,0.946,0.991,0.351,,,0.92,0.988,,,,,,,0.962,,,,,,,,,,,,,,,,,,,
CPI-CS0CAF8C9A6,a11b1 complex_COL14A1,complex:a11b1 complex,simple:Q05707,,ENSG00000187955,curated,TRUE,TRUE,0.25,,0.519,,0.576,0.636,0.411,,,0.734,0.693,,,,,,,0.851,,,,0.299,,,,,0.457,,,,,,,,,,
CPI-CS0FA891A57,a11b1 complex_COL15A1,complex:a11b1 complex,simple:P39059,,ENSG00000204291,curated,TRUE,TRUE,0.25,0.443,0.476,0.5,0.533,,0.658,,,0.691,,,0.498,,,,,,,,,0.554,,,,,0.712,,,,,,,,,,
CPI-SS0C70ADA28,EFNA5_EPHA3,simple:P52803,simple:P29320,ENSG00000184349,ENSG00000044524,curated,TRUE,FALSE,0.25,,,0.266,,0.195,0.249,,0.256,,0.313,,,,0.253,,,0.296,,,,,,0.304,,,,0.301,,,,,,,,,
CPI-SS00A37632E,IL24_NOTCH2,simple:Q13007,simple:Q04721,ENSG00000162892,ENSG00000134250,MINT,TRUE,FALSE,0.25,,,,,,,,0.145,,,,,0.134,0.183,,,,0.172,,,,,0.124,,,,0.162,,0.093,,0.138,,0.131,,,
CPI-SS02AB0C3E0,SPP1_CD44,simple:P10451,simple:P16070,ENSG00000118785,ENSG00000026508,IntAct,TRUE,FALSE,0.222,,,,,,,0.806,,,,0.907,,,,,0.748,,,,0.849,,0.835,,,0.936,,,,,,,0.754,,,0.856,
CPI-SS0BF3ED143,FGFR2_FGFR3,simple:P21802,simple:P22607,ENSG00000066468,ENSG00000068078,InnateDB-All,TRUE,FALSE,0.222,,,,,,,0.246,,,,0.218,,,,,,,,,,,,,0.294,,,,,0.266,,0.304,0.331,0.276,,0.304,
CPI-SS0703338F5,LGALS9_CD44,simple:O00182,simple:P16070,ENSG00000168961,ENSG00000026508,InnateDB,TRUE,FALSE,0.222,,,,,,,,,,,,,,,,0.816,,,,0.917,,0.742,,0.794,0.843,,,,0.895,,0.798,,0.9,,,
CPI-CS04593DC81,a11b1 complex_COL7A1,complex:a11b1 complex,simple:Q02388,,ENSG00000114270,curated,TRUE,TRUE,0.222,,,,,0.661,0.502,,,0.562,0.718,,,,,,0.413,0.876,,,,,0.571,,,0.593,,,,,,,,,,,
CPI-CS085E95BC1,IL1 receptor inhibitor_IL1RN,complex:IL1 receptor inhibitor,simple:P18510,,ENSG00000136689,curated,TRUE,FALSE,0.222,,,,,,,,,,,,,,,,0.393,,,,0.431,,0.346,,0.352,0.384,,,,0.39,,0.349,,0.387,,,
CPI-CS0D9B5AB86,IL36 receptor_IL36G,complex:IL36 receptor,simple:Q9NZH8,,ENSG00000136688,curated,TRUE,FALSE,0.222,,,,,,,,,,,,,,,,0.299,,,,0.29,,0.253,,0.258,0.244,,,,0.249,,0.255,,0.246,,,
CPI-SS0FDAB7BA8,CXCL10_DPP4,simple:P02778,simple:P27487,ENSG00000169245,ENSG00000197635,curated,TRUE,FALSE,0.222,,0.279,,0.364,,,,,0.595,,,0.273,0.375,,,,,,,,0.358,,,,,0.589,,,,0.369,,,,,,
CPI-SS087B53ABF,JAM2_JAM3,simple:P57087,simple:Q9BX67,ENSG00000154721,ENSG00000166086,curated,TRUE,FALSE,0.222,,,0.231,0.143,,,,,,0.21,,,,,0.244,,,,0.156,,0.27,,,,,,,0.223,,,,,,,,0.283
CPI-CS094D5D014,a11b1 complex_FN1,complex:a11b1 complex,simple:P02751,,ENSG00000115414,curated,TRUE,TRUE,0.222,,0.934,0.422,0.991,0.977,0.58,,,1.149,1.033,,,,,,,1.191,,,,,,,,,,,,,,,,,,,
CPI-CS0A10D5175,a11b1 complex_COL5A3,complex:a11b1 complex,simple:P25940,,ENSG00000080573,curated,TRUE,TRUE,0.222,,0.202,0.207,0.258,0.279,0.365,,,0.416,0.336,,,,,,,0.494,,,,,,,,,,,,,,,,,,,
CPI-SS0B3C76C9D,PDGFD_PDGFRB,simple:Q9GZP0,simple:P09619,ENSG00000170962,ENSG00000113721,curated,TRUE,FALSE,0.222,,,0.277,0.358,,0.307,,,0.388,0.275,,,,,,,0.305,,,,0.198,,,,,0.227,,,,,,,,,,
CPI-CS0B61BEA96,TGFbeta receptor2_TGFB3,complex:TGFbeta receptor2,simple:P10600,,ENSG00000119699,curated,TRUE,FALSE,0.222,,,0.144,0.174,,0.132,,,0.162,0.257,,,,,,,0.245,,,,,,0.215,,,,0.222,,,,,,,,,
CPI-CS03F4848C8,TGFbeta receptor2_TGFB1,complex:TGFbeta receptor2,simple:P01137,,ENSG00000105329,curated,TRUE,FALSE,0.222,,,0.157,0.129,,0.145,,0.114,0.118,,,,0.087,0.121,,,,0.094,,,,,,,,,,,,,,,,,,
CPI-SS0C7732B91,IGF1R_IGF1,simple:P08069,simple:P05019,ENSG00000140443,ENSG00000017427,curated,TRUE,FALSE,0.222,,,,0.467,0.882,,,,,0.943,,,,,,,0.895,0.46,,,,,0.925,,,,0.936,0.898,,,,,,,,
CPI-CS01A52F76F,a3b1 complex_THBS1,complex:a3b1 complex,simple:P07996,,ENSG00000137801,curated,FALSE,TRUE,0.222,,,,,,,,,,,,,0.417,,,,,0.445,,,,,0.403,0.336,,,0.432,,0.359,,0.364,,0.387,,,
CPI-SS046F6F0C1,EFNA1_EPHA2,simple:P20827,simple:P29317,ENSG00000169242,ENSG00000142627,curated,TRUE,FALSE,0.194,,,,,,,,,,,0.344,,,,,,,,,,,,,0.363,0.32,,,,0.426,,0.401,,0.464,,0.345,
CPI-SS09D9D6811,EFNB1_EPHB4,simple:P98172,simple:P54760,ENSG00000090776,ENSG00000196411,curated,FALSE,FALSE,0.194,0.175,,,,0.185,,,,,,,,,,0.301,,,,,,,,0.179,,,,,0.31,,,,0.283,,,0.292,
CPI-SS0C700EC0B,NOV_NOTCH1,simple:P48745,simple:P46531,ENSG00000136999,ENSG00000148400,InnateDB-All,TRUE,FALSE,0.194,,,0.208,,,,,,,,,,,,,0.358,,,,0.305,0.23,0.326,,,0.272,0.197,,,,,,,,,,
CPI-CS008C9D6E5,IL1 receptor inhibitor_IL1B,complex:IL1 receptor inhibitor,simple:P01584,,ENSG00000125538,curated,TRUE,FALSE,0.194,,,,,,,,,,,,,,,,0.118,,,,0.121,,0.071,,,0.075,,,,0.081,,0.074,,0.077,,,
CPI-CS07CC4970B,aVb3 complex_THBS1,complex:aVb3 complex,simple:P07996,,ENSG00000137801,curated,FALSE,TRUE,0.194,,0.382,,,0.368,,,,0.404,,0.324,,,,,,0.39,,,,,0.322,,,0.345,,,,,,,,,,,
CPI-CS04627807C,a11b1 complex_COL12A1,complex:a11b1 complex,simple:Q99715,,ENSG00000111799,curated,TRUE,TRUE,0.194,,0.582,,0.639,1.312,0.606,,,0.797,1.369,,,,,,,1.527,,,,,,,,,,,,,,,,,,,
CPI-CS07B1F01C5,aVb3 complex_SPP1,complex:aVb3 complex,simple:P10451,,ENSG00000118785,curated,TRUE,TRUE,0.194,0.18,,,,0.209,0.201,,,0.143,,,0.128,,,,,0.231,,,,,,,,,0.15,,,,,,,,,,
CPI-SS0055264F3,EGFR_TGFB1,simple:P00533,simple:P01137,ENSG00000146648,ENSG00000105329,MINT,TRUE,FALSE,0.194,0.137,,,,,0.162,,0.176,0.135,,,,0.149,0.196,,,,0.169,,,,,,,,,,,,,,,,,,
CPI-CS03FB91542,a11b1 complex_COL11A1,complex:a11b1 complex,simple:P12107,,ENSG00000060718,curated,TRUE,TRUE,0.194,0.512,,0.568,,,0.726,,,,,,0.422,,,,,0.329,,,,0.479,,,,,0.637,,,,,,,,,,
CPI-SS0E845281E,NRG1_EGFR,simple:Q02297,simple:P00533,ENSG00000157168,ENSG00000146648,IntAct,TRUE,FALSE,0.194,,,,,,,,,,,,,,0.239,,,,0.238,,,,,,,0.229,,0.264,,0.234,,0.278,,0.298,,,
CPI-SS09CA492BA,EFNA1_EPHA3,simple:P20827,simple:P29320,ENSG00000169242,ENSG00000044524,curated,TRUE,FALSE,0.194,,,,,0.182,,,0.215,,,,,,0.254,,,0.158,,,,,,0.263,,,,0.301,0.183,,,,,,,,
CPI-SS012F60F11,SEMA4D_PLXNB2,simple:Q92854,simple:O15031,ENSG00000187764,ENSG00000196576,curated,FALSE,FALSE,0.194,,,,,,,,0.165,,,,,,0.176,,,,,,,,,0.179,0.153,,,0.19,,,,0.164,,0.145,,,
CPI-SS065B2DBAE,JAG2_NOTCH2,simple:Q9Y219,simple:Q04721,ENSG00000184916,ENSG00000134250,curated,FALSE,FALSE,0.194,,,,,,,,0.137,,,,,0.126,0.124,,,,0.113,,,,,0.116,,,,0.103,,0.085,,,,,,,
CPI-SC04771EF53,BMP7_ACVR1_BMPR2,simple:P18075,complex:ACVR1_BMPR2,ENSG00000101144,,curated,TRUE,FALSE,0.167,,,,,,,,,,,,,0.123,,,,,,0.393,,,,0.111,,,,,0.381,,,,0.351,,,0.358,
CPI-SS04A5D6B6F,DLL1_NOTCH1,simple:O00548,simple:P46531,ENSG00000198719,ENSG00000148400,curated,FALSE,FALSE,0.167,,,,,,,,,,,,,,,,,,,,,,,,0.291,,,,,0.237,,0.313,0.32,0.259,,0.266,
CPI-CS0CB8C52C7,a11b1 complex_COL17A1,complex:a11b1 complex,simple:Q9UMD9,,ENSG00000065618,curated,TRUE,TRUE,0.167,,,,,,,0.728,,,,0.868,,,,,0.785,,,,0.925,,0.943,,,1.083,,,,,,,,,,,
CPI-SS052F9CDB6,LRP1_PDGFB,simple:Q07954,simple:P01127,ENSG00000123384,ENSG00000100311,InnateDB-All,TRUE,FALSE,0.167,,,,,,,0.342,,,,0.357,,,,,0.637,,,,0.652,,0.368,,,0.383,,,,,,,,,,,
CPI-CS0DEBE7B69,IL1 receptor_IL1RN,complex:IL1 receptor,simple:P18510,,ENSG00000136689,curated,TRUE,FALSE,0.167,,,,,,,0.364,,,,0.401,,,,,0.403,,,,0.441,,0.403,,,0.441,,,,,,,,,,,
CPI-SS0976BA7F0,CXCL12_ACKR3,simple:P48061,simple:P25106,ENSG00000107562,ENSG00000144476,guidetopharmacology.org,TRUE,FALSE,0.167,,0.305,,0.279,,,0.262,,0.211,,,,,,,0.236,,,,,,0.168,,,,,,,,,,,,,,
CPI-CS05426BFFA,IL1 receptor_IL1B,complex:IL1 receptor,simple:P01584,,ENSG00000125538,curated,TRUE,FALSE,0.167,,,,,,,0.088,,,,0.092,,,,,0.128,,,,0.131,,0.128,,,0.131,,,,,,,,,,,
CPI-SS09B2320BC,RSPO1_LGR5,simple:Q2MKA7,simple:O75473,ENSG00000169218,ENSG00000139292,guidetopharmacology.org,TRUE,FALSE,0.167,,,0.19,0.186,,,,,,0.218,,,,,0.31,,,,0.306,,,,,,,,,0.337,,,,,,,,
CPI-CS00BB4209A,aVb3 complex_MMP2,complex:aVb3 complex,simple:P08253,,ENSG00000087245,curated,TRUE,TRUE,0.167,0.432,1.045,,,0.836,0.453,,,1.067,,,,,,,,0.857,,,,,,,,,,,,,,,,,,,
CPI-CS02DE25F1A,aVb3 complex_FN1,complex:aVb3 complex,simple:P02751,,ENSG00000115414,curated,TRUE,TRUE,0.167,0.357,0.926,,,0.968,0.378,,,0.947,,,,,,,,0.99,,,,,,,,,,,,,,,,,,,
CPI-SS0CDEE4A57,RARRES2_CMKLR1,simple:Q99969,simple:Q99788,ENSG00000106538,ENSG00000174600,guidetopharmacology.org,TRUE,FALSE,0.167,0.317,0.317,1.088,1.089,,0.588,,,0.588,,,,,,,,,,,,,,,,,,,,,,,,,,,
CPI-SS08083B141,NRP1_SEMA3A,simple:O14786,simple:Q14563,ENSG00000099250,ENSG00000075213,curated,TRUE,FALSE,0.167,,0.281,,0.374,0.247,,,,0.35,0.34,,,,,,,0.316,,,,,,,,,,,,,,,,,,,
CPI-CS0F72157E2,a11b1 complex_COL27A1,complex:a11b1 complex,simple:Q8IZC6,,ENSG00000196739,curated,TRUE,TRUE,0.167,,,0.182,,0.379,0.34,,,0.334,0.436,,,,,,,0.594,,,,,,,,,,,,,,,,,,,
CPI-CS0CC30FCA5,a8b1 complex_TNC,complex:a8b1 complex,simple:P24821,,ENSG00000041982,curated,TRUE,TRUE,0.167,,0.362,,0.36,0.827,,,,0.334,0.824,,,,,,,0.798,,,,,,,,,,,,,,,,,,,
CPI-CS036C23392,aVb3 complex_LAMC1,complex:aVb3 complex,simple:P11047,,ENSG00000135862,curated,TRUE,TRUE,0.167,0.195,0.272,,,0.247,0.216,,,0.293,,,,,,,,0.268,,,,,,,,,,,,,,,,,,,
CPI-SS0322F3EA0,TGFBR3_TGFB1,simple:Q03167,simple:P01137,ENSG00000069702,ENSG00000105329,curated,TRUE,FALSE,0.167,0.213,0.185,0.534,0.507,,0.259,,,0.231,,,,,,,,,,,,,,,,,,,,,,,,,,,
CPI-SS0B1B18F2D,CXCL12_DPP4,simple:P48061,simple:P27487,ENSG00000107562,ENSG00000197635,curated,TRUE,FALSE,0.167,,0.325,,0.299,,,,,0.231,,,0.319,,,,,,,,,0.293,,,,,0.225,,,,,,,,,,
CPI-CS03FDD4965,aVb3 complex_OMD,complex:aVb3 complex,simple:Q99983,,ENSG00000127083,curated,TRUE,TRUE,0.167,0.121,0.107,,,0.167,0.143,,,0.128,,,,,,,,0.188,,,,,,,,,,,,,,,,,,,
CPI-SC00756BB93,THY1_aVb3 complex,simple:P04216,complex:aVb3 complex,ENSG00000154096,,curated,FALSE,TRUE,0.167,0.888,,0.862,,0.909,0.644,,,,0.884,,,,,,,0.666,,,,,,,,,,,,,,,,,,,
CPI-CS0A7E59889,a2b1 complex_LAMC1,complex:a2b1 complex,simple:P11047,,ENSG00000135862,curated,TRUE,TRUE,0.167,,,,,,,,0.189,,,,,0.265,0.22,,,,0.297,,,,,0.241,,,,0.272,,,,,,,,,
CPI-CS01103AAE5,a2b1 complex_COL3A1,complex:a2b1 complex,simple:P02461,,ENSG00000168542,curated,TRUE,TRUE,0.167,,,,,,,,1.853,,,,,2.674,1.884,,,,2.705,,,,,2.548,,,,2.58,,,,,,,,,
CPI-CS07D654EE6,a2b1 complex_COL5A1,complex:a2b1 complex,simple:P20908,,ENSG00000130635,curated,TRUE,TRUE,0.167,,,,,,,,0.557,,,,,1.072,0.588,,,,1.103,,,,,1.209,,,,1.241,,,,,,,,,
CPI-CS09E9AAEA5,a2b1 complex_COL1A2,complex:a2b1 complex,simple:P08123,,ENSG00000164692,curated,TRUE,TRUE,0.167,,,,,,,,1.97,,,,,2.778,2.001,,,,2.809,,,,,2.611,,,,2.642,,,,,,,,,
CPI-CS0B4E149AB,a2b1 complex_COL16A1,complex:a2b1 complex,simple:Q07092,,ENSG00000084636,curated,TRUE,TRUE,0.167,,,,,,,,0.366,,,,,0.75,0.397,,,,0.781,,,,,0.616,,,,0.648,,,,,,,,,
CPI-CS06B7139A7,a2b1 complex_COL1A1,complex:a2b1 complex,simple:P02452,,ENSG00000108821,curated,TRUE,TRUE,0.167,,,,,,,,1.938,,,,,2.788,1.969,,,,2.819,,,,,2.697,,,,2.729,,,,,,,,,
CPI-CS0A15AD0C2,a2b1 complex_COL5A2,complex:a2b1 complex,simple:P05997,,ENSG00000204262,curated,TRUE,TRUE,0.167,,,,,,,,0.824,,,,,1.302,0.856,,,,1.333,,,,,1.452,,,,1.484,,,,,,,,,
CPI-SS09DB7D3A1,IGF1R_IGF2,simple:P08069,simple:P01344,ENSG00000140443,ENSG00000167244,curated,TRUE,FALSE,0.167,,,,,0.167,,,,,0.228,,,,,,,0.18,,,,,,0.209,,,,0.221,0.183,,,,,,,,
CPI-CS0CFC2A055,a2b1 complex_COL5A3,complex:a2b1 complex,simple:P25940,,ENSG00000080573,curated,TRUE,TRUE,0.167,,,,,,,,0.136,,,,,0.187,0.167,,,,0.218,,,,,0.264,,,,0.296,,,,,,,,,
CPI-CS011E677AC,a3b1 complex_FN1,complex:a3b1 complex,simple:P02751,,ENSG00000115414,curated,TRUE,TRUE,0.167,,,,,,,,0.391,,,,,0.96,0.42,,,,0.989,,,,,1.003,,,,1.032,,,,,,,,,
CPI-SS07E5C3060,TGFA_EGFR,simple:P01135,simple:P00533,ENSG00000163235,ENSG00000146648,curated,TRUE,FALSE,0.167,,,,,,,,,,,,,,0.161,,,,,,,,,,0.172,,,0.186,,0.192,,0.2,,0.219,,,
CPI-CS06A26EED8,a6b4 complex_NRG1,complex:a6b4 complex,simple:Q02297,,ENSG00000157168,curated,TRUE,TRUE,0.167,,,,,,,,,,,,,,,,,,,,,,,0.347,0.352,,,0.357,,0.417,,0.363,,0.427,,,
CPI-SS02B906C26,NRG1_ERBB3,simple:Q02297,simple:P21860,ENSG00000157168,ENSG00000065361,curated,TRUE,FALSE,0.167,,,,,,,,,,,,,,,,,,,,,,0.228,,0.233,0.238,,,,0.243,,0.297,,0.307,,,
CPI-SS007DA8C89,EPHA7_EFNA5,simple:Q15375,simple:P52803,ENSG00000135333,ENSG00000184349,curated,FALSE,FALSE,0.139,,,,,,,,,,,,,,,0.196,,,,0.315,,,,,,,,,0.298,,,,0.305,,,0.302,
CPI-SS0659DBE72,EFNA4_EPHA4,simple:P52798,simple:P54764,ENSG00000243364,ENSG00000116106,curated,TRUE,FALSE,0.139,,,,,,,,,,,,,,,,,,,,,,0.273,,,0.265,,,0.225,,,,0.295,,,0.286,
CPI-CS0217BD42B,a11b1 complex_COL8A1,complex:a11b1 complex,simple:P27658,,ENSG00000144810,curated,TRUE,TRUE,0.139,,,,,0.445,0.357,,,0.358,0.501,,,,,,,0.659,,,,,,,,,,,,,,,,,,,
CPI-SS0EBFE1854,EFNA1_EPHA4,simple:P20827,simple:P54764,ENSG00000169242,ENSG00000116106,curated,TRUE,FALSE,0.139,,,,,,,,,,,,,,,,,,,,,,,,0.373,,,0.341,,0.364,,0.411,,0.402,,,
CPI-SS0F1A060D4,PVR_PRR3,simple:P15151,simple:Q9NQS3,ENSG00000073008,ENSG00000204576,curated,TRUE,FALSE,0.139,,,,,,0.121,,,,,,,,0.132,,,0.131,,,,,,0.111,,,,0.141,,,,,,,,,
CPI-SS08D0F9109,EFNB2_EPHB4,simple:P52799,simple:P54760,ENSG00000125266,ENSG00000196411,curated,FALSE,FALSE,0.139,,,,,,0.192,,,,,,,,,,,0.202,,,,,0.175,,,0.183,,0.12,,,,,,,,,
CPI-CS0E12590CC,a2b1 complex_FN1,complex:a2b1 complex,simple:P02751,,ENSG00000115414,curated,TRUE,TRUE,0.139,,,,,,,,,,,,,0.919,0.382,,,,0.951,,,,,0.962,,,,0.993,,,,,,,,,
CPI-SS0475BE8ED,EFNA4_EPHA2,simple:P52798,simple:P29317,ENSG00000243364,ENSG00000142627,curated,TRUE,FALSE,0.111,,,,,,,,,,,,,,,,,,,,,,0.264,,,0.326,,,,,,,0.285,,,0.348,
CPI-SS02EF3E1BA,TNFSF12_TNFRSF12A,simple:O43508,simple:Q9NP84,ENSG00000239697,ENSG00000006327,curated,TRUE,FALSE,0.111,,,,,,,,,,,,,,,,0.617,,,,0.701,,0.586,,,0.67,,,,,,,,,,,
CPI-SS0563E51A8,ACKR1_CCL2,simple:Q16570,simple:P13500,ENSG00000213088,ENSG00000108691,curated,TRUE,FALSE,0.111,,,0.386,0.427,,,,,,0.454,,,,,,0.316,,,,,,,,,,,,,,,,,,,,
CPI-SC019D0A439,SEMA3A_PlexinA2_complex1,simple:Q14563,complex:PlexinA2_complex1,ENSG00000075213,,curated,TRUE,FALSE,0.111,,,,,,,,,,,,,,,,0.221,,,,0.221,,0.186,,,0.186,,,,,,,,,,,
CPI-CS03510EBE9,a11b1 complex_COL4A5,complex:a11b1 complex,simple:P29400,,ENSG00000188153,curated,TRUE,TRUE,0.111,,,,,,,,,,,,,,,,0.154,,,,0.167,,0.312,,,0.325,,,,,,,,,,,
CPI-SS0D1D8FF06,EFNA4_EPHA3,simple:P52798,simple:P29320,ENSG00000243364,ENSG00000044524,curated,TRUE,FALSE,0.111,,,,,,0.116,,,,,,,,,0.138,,0.164,,,,,,,,,,,0.185,,,,,,,,
CPI-SS002673EFE,WNT5A_FZD3,simple:P41221,simple:Q9NPG1,ENSG00000114251,ENSG00000104290,curated,TRUE,FALSE,0.111,,,,,,,,,,,,0.226,,,,,,,,,0.23,,,,,0.299,,,,,,,,,,0.701
CPI-SS0D22A09AD,NRP2_PGF,simple:O60462,simple:P49763,ENSG00000118257,ENSG00000119630,curated,TRUE,FALSE,0.111,,,,,,,,,,,,0.382,,,,,,,,,0.405,,,,,0.393,,,,,,,,,,0.391
CPI-CS0E99927FE,aVb3 complex_TNC,complex:aVb3 complex,simple:P24821,,ENSG00000041982,curated,TRUE,TRUE,0.111,,0.34,,,0.804,,,,0.361,,,,,,,,0.826,,,,,,,,,,,,,,,,,,,
CPI-SS0F15C1AB3,NRP2_SEMA3F,simple:O60462,simple:Q13275,ENSG00000118257,ENSG00000001617,curated,TRUE,FALSE,0.111,,0.287,,0.31,,,,,0.298,,,,,,,,,,0.296,,,,,,,,,,,,,,,,,
CPI-SS0AB1F04A0,CSF1_CSF1R,simple:P09603,simple:P07333,ENSG00000184371,ENSG00000182578,curated,TRUE,FALSE,0.111,,0.12,,0.157,,,,,0.162,,,,0.085,,,,,,,,,,,,,,,,,,,,,,,
CPI-CS0E11E1C0A,a4b1 complex_SPP1,complex:a4b1 complex,simple:P10451,,ENSG00000118785,curated,TRUE,TRUE,0.111,,,,,,0.184,,,0.126,,,,,,,,0.214,,,,,,,,,0.133,,,,,,,,,,
CPI-CS023C72D92,a3b1 complex_LAMA3,complex:a3b1 complex,simple:Q16787,,ENSG00000053747,curated,TRUE,TRUE,0.111,,,,,,,,,,,,,,,,,,,,,,,,0.2,,,,,0.244,,0.229,,0.273,,,
CPI-SS0CF76A867,HBEGF_CD44,simple:Q99075,simple:P16070,ENSG00000113070,ENSG00000026508,InnateDB-All,TRUE,FALSE,0.111,,,,,,,,,,,,,,,,,,,,,,,,1.077,,,,,1.178,,1.164,,1.265,,,
CPI-CS0C900CDF8,aVb6 complex_TNC,complex:aVb6 complex,simple:P24821,,ENSG00000041982,curated,TRUE,TRUE,0.111,,,,,,,,,,,,,0.389,,,,,0.381,,,,,0.853,,,,0.846,,,,,,,,,
CPI-CS04ED33310,a2b1 complex_COL12A1,complex:a2b1 complex,simple:Q99715,,ENSG00000111799,curated,TRUE,TRUE,0.111,,,,,,,,,,,,,0.567,,,,,0.599,,,,,1.298,,,,1.329,,,,,,,,,
CPI-CS0F27BD288,a2b1 complex_COL18A1,complex:a2b1 complex,simple:P39060,,ENSG00000182871,curated,TRUE,TRUE,0.111,,,,,,,,,,,,,,,,,,,,,,,,0.274,,,,,0.291,,0.305,,0.322,,,
CPI-CS0C806041C,a2b1 complex_COL17A1,complex:a2b1 complex,simple:Q9UMD9,,ENSG00000065618,curated,TRUE,TRUE,0.111,,,,,,,,,,,,,,,,,,,,,,,,0.714,,,,,0.854,,0.745,,0.885,,,
CPI-SS0779676D0,NPPB_NPR2,simple:P16860,simple:P20594,ENSG00000120937,ENSG00000159899,InnateDB-All,TRUE,FALSE,0.111,,,,,,,,0.102,,,,,,0.1,,,,,,,,,0.115,,,,0.113,,,,,,,,,
CPI-CS06AF4685C,a2b1 complex_COL4A5,complex:a2b1 complex,simple:P29400,,ENSG00000188153,curated,TRUE,TRUE,0.111,,,,,,,,,,,,,,,,,,,,,,,,0.082,,,,,0.095,,0.114,,0.127,,,
CPI-SS0606E97F0,SEMA4D_PLXNB1,simple:Q92854,simple:O43157,ENSG00000187764,ENSG00000164050,curated,TRUE,FALSE,0.111,,,,,,,,,,,,,,,,,,,,,,,,0.101,,,,,0.091,,0.112,,0.102,,,
CPI-SC0D9B795CC,CDH1_a2b1 complex,simple:P12830,complex:a2b1 complex,ENSG00000039068,,curated,FALSE,TRUE,0.111,,,,,,,,,,,,,,,,,,,,,,,,0.463,,,,,0.494,,0.47,,0.502,,,
CPI-SS0B6F0C894,DSG2_DSC3,simple:Q14126,simple:Q14574,ENSG00000046604,ENSG00000134762,curated,FALSE,FALSE,0.111,,,,,,,,,,,,,,,,,,,,,,,,0.666,,,,,0.655,,0.639,,0.628,,,
CPI-SS050195FEB,PTPRZ1_PTN,simple:P23471,simple:P21246,ENSG00000106278,ENSG00000105894,curated,TRUE,FALSE,0.111,,,,,,,,,,,,,,,,,,,,,,,1.319,0.608,,,1.331,,,,0.62,,,,,
CPI-SC095A2C115,PLAUR_aVb3 complex,simple:Q03405,complex:aVb3 complex,ENSG00000011422,,curated,TRUE,TRUE,0.111,,,,,,,,0.235,,,,,,0.286,,,,,,,,,0.257,,,,0.307,,,,,,,,,
CPI-CS0BD61C784,aVb6 complex_TGFB1,complex:aVb6 complex,simple:P01137,,ENSG00000105329,curated,TRUE,TRUE,0.111,,,,,,,,0.169,,,,,0.142,0.162,,,,0.134,,,,,,,,,,,,,,,,,,
CPI-CS0569B9B91,BMPR1B_BMPR2_BMPR1A,complex:BMPR1B_BMPR2,simple:P36894,,ENSG00000107779,curated,FALSE,FALSE,0.111,,,,,,,,,,,,,,0.154,,,,0.175,,,,,,,,,0.143,,,,0.128,,,,,
CPI-SS0DB3F5A37,JAG2_NOTCH1,simple:Q9Y219,simple:P46531,ENSG00000184916,ENSG00000148400,curated,FALSE,FALSE,0.111,,,,,,,,,,,,,,,,,,,,,,,,0.297,,,,,0.244,,0.284,,0.23,,,
CPI-SS04E33D0FB,EFNA5_EPHA1,simple:P52803,simple:P21709,ENSG00000184349,ENSG00000146904,curated,FALSE,FALSE,0.083,,,,,,,,,,,,,,,,0.218,,,,,,,,0.208,,,,,,,0.205,,,,,
CPI-SC0FA6F1D9A,BMP3_ACVR_1B2A receptor,simple:P12645,complex:ACVR_1B2A receptor,ENSG00000152785,,curated,TRUE,FALSE,0.083,,,,,,,,,,,,,,,,,,,,,,,,0.067,,,,,,,0.07,0.11,,,,
CPI-SS056D0AD0D,RSPO2_LGR5,simple:Q6UXX9,simple:O75473,ENSG00000147655,ENSG00000139292,guidetopharmacology.org,TRUE,FALSE,0.083,,,,,,,,,,,,,,,0.222,,,,0.218,,,,,,,,,0.25,,,,,,,,
CPI-CS06CA1EF36,a4b1 complex_FN1,complex:a4b1 complex,simple:P02751,,ENSG00000115414,curated,TRUE,TRUE,0.083,,,,,,0.361,,,0.93,,,,,,,,0.973,,,,,,,,,,,,,,,,,,,
CPI-SS042A6F835,IGF2_IGF2R,simple:P01344,simple:P11717,ENSG00000167244,ENSG00000197081,curated,TRUE,FALSE,0.083,,,,,,0.147,,,0.17,,,,,,,,0.305,,,,,,,,,,,,,,,,,,,
CPI-CS073CF583A,a2Bb3 complex_FN1,complex:a2Bb3 complex,simple:P02751,,ENSG00000115414,curated,TRUE,TRUE,0.083,,,,,,,,0.337,,,,,0.906,,,,,,,,,,0.949,,,,,,,,,,,,,
CPI-CS006801CF7,a11b1 complex_COL13A1,complex:a11b1 complex,simple:Q5TAT6,,ENSG00000197467,curated,FALSE,TRUE,0.083,,,,,,,,,,,,0.122,,,,,,,,,0.179,,,,,0.337,,,,,,,,,,
CPI-CS061359F65,a2b1 complex_COL27A1,complex:a2b1 complex,simple:Q8IZC6,,ENSG00000196739,curated,TRUE,TRUE,0.083,,,,,,,,,,,,,,0.142,,,,,,,,,0.365,,,,0.396,,,,,,,,,
CPI-SC0592EC3D0,L1CAM_a5b1 complex,simple:P32004,complex:a5b1 complex,ENSG00000198910,,curated,FALSE,TRUE,0.083,,,,,,,,0.116,,,,,0.096,,,,,,,,,,0.181,,,,,,,,,,,,,
CPI-CS03314DAF3,a11b1 complex_COL8A2,complex:a11b1 complex,simple:P25067,,ENSG00000171812,curated,TRUE,TRUE,0.083,,,,,0.096,,,,,0.153,,,,,,,0.311,,,,,,,,,,,,,,,,,,,
CPI-CS02E67C584,a11b1 complex_COL24A1,complex:a11b1 complex,simple:Q17RW2,,ENSG00000171502,curated,TRUE,TRUE,0.083,,,,,0.176,,,,,0.233,,,,,,,0.391,,,,,,,,,,,,,,,,,,,
CPI-SS0D81C6C1D,WNT7B_FZD1,simple:P56706,simple:Q9UP38,ENSG00000188064,ENSG00000157240,curated,TRUE,FALSE,0.083,,,,,,,,0.158,,,,,0.206,,,,,,,,,,0.28,,,,,,,,,,,,,
CPI-SC0A9EB628A,VCAM1_a4b1 complex,simple:P19320,complex:a4b1 complex,ENSG00000162692,,curated,FALSE,TRUE,0.083,,,,,0.199,,,,,0.307,,,,,,,0.316,,,,,,,,,,,,,,,,,,,
CPI-CS063AE1C91,IL6 receptor_IL6,complex:IL6 receptor,simple:P05231,,ENSG00000136244,curated,TRUE,FALSE,0.083,,,,0.148,,,,,,,,,0.134,,,,,0.143,,,,,,,,,,,,,,,,,,
CPI-SS0855C0353,NRP1_PGF,simple:O14786,simple:P49763,ENSG00000099250,ENSG00000119630,curated,TRUE,FALSE,0.083,,,,,,,,,,,,0.281,,,,,,,,,0.375,,,,,0.35,,,,,,,,,,
CPI-CS0E1074283,a2Bb3 complex_THBS1,complex:a2Bb3 complex,simple:P07996,,ENSG00000137801,curated,FALSE,TRUE,0.083,,,,,,,,,,,,,0.363,,,,,,,,,,0.349,,,,,,0.304,,,,,,,
CPI-SC00DB2B867,BMP4_BMR1B_AVR2A,simple:P12644,complex:BMR1B_AVR2A,ENSG00000125378,,curated,TRUE,FALSE,0.056,,,,,,,,,,,,,,,,,,,,0.224,,,,,,,,,,,,,,,0.83,
CPI-SC07F8BC578,BMP4_BMPR1B_BMPR2,simple:P12644,complex:BMPR1B_BMPR2,ENSG00000125378,,curated,TRUE,FALSE,0.056,,,,,,,,,,,,,,,,,,,,0.224,,,,,,,,,,,,,,,0.83,
CPI-SC0D389E644,BMP7_BMR1B_AVR2A,simple:P18075,complex:BMR1B_AVR2A,ENSG00000101144,,curated,TRUE,FALSE,0.056,,,,,,,,,,,,,,,,,,,,,,,,,,,,,0.072,,,,,,0.342,
CPI-SC0DA028FF9,BMP7_BMPR1B_BMPR2,simple:P18075,complex:BMPR1B_BMPR2,ENSG00000101144,,curated,TRUE,FALSE,0.056,,,,,,,,,,,,,,,,,,,,,,,,,,,,,0.072,,,,,,0.342,
CPI-SC052486D3E,BMP4_BMR1A_ACR2A,simple:P12644,complex:BMR1A_ACR2A,ENSG00000125378,,curated,TRUE,FALSE,0.056,,,,,,,,,,,,,,,,0.215,,,,,,,,,,,,,,,,0.821,,,,
CPI-CS0533A30DC,ACVR_1B2A receptor_INHBA,complex:ACVR_1B2A receptor,simple:P08476,,ENSG00000122641,curated,TRUE,FALSE,0.056,,,,,,,,,,,,,,,,,,,,,,,0.18,,,,,,,0.855,,,,,,
CPI-CS091BF99D0,ACVR_1A2A receptor_INHBA,complex:ACVR_1A2A receptor,simple:P08476,,ENSG00000122641,curated,TRUE,FALSE,0.056,,,,,,,,,,,,,,,,,,,,,,,0.174,,,,,,,0.848,,,,,,
CPI-SS05BB5902B,EFNA4_EPHA1,simple:P52798,simple:P21709,ENSG00000243364,ENSG00000146904,curated,TRUE,FALSE,0.056,,,,,,,,,,,,,,,,,,,,,,0.068,,,,,,,,,,0.089,,,,
CPI-SS0F81DBF22,EFNA4_EPHA7,simple:P52798,simple:Q15375,ENSG00000243364,ENSG00000135333,curated,TRUE,FALSE,0.056,,,,,,,,,,,,,,,,,,,,,,,,,,0.165,,,,,,,,,,0.187
CPI-CS06223CD7E,a4b1 complex_TNC,complex:a4b1 complex,simple:P24821,,ENSG00000041982,curated,TRUE,TRUE,0.056,,,,,,,,,0.344,,,,,,,,0.809,,,,,,,,,,,,,,,,,,,
CPI-SS0CCD89E02,CCL25_ACKR4,simple:O15444,simple:Q9NPB9,ENSG00000131142,ENSG00000129048,curated,TRUE,FALSE,0.056,,,,,,,,,0.112,,,,0.108,,,,,,,,,,,,,,,,,,,,,,,
CPI-SS015162AFC,IL34_CSF1R,simple:Q6ZMJ4,simple:P07333,ENSG00000157368,ENSG00000182578,curated,TRUE,FALSE,0.056,,0.118,,0.136,,,,,,,,,,,,,,,,,,,,,,,,,,,,,,,,
CPI-SS04AC18710,CD44_HGF,simple:P16070,simple:P14210,ENSG00000026508,ENSG00000019991,IntAct,TRUE,FALSE,0.056,,,,,,,,,,,,,,,,,,,,,,,0.726,,,,0.827,,,,,,,,,
CPI-CS07D2CAF79,a2b1 complex_COL8A2,complex:a2b1 complex,simple:P25067,,ENSG00000171812,curated,TRUE,TRUE,0.056,,,,,,,,,,,,,,,,,,,,,,,0.082,,,,0.113,,,,,,,,,
CPI-SS0109FE6AE,HGF_MET,simple:P14210,simple:P08581,ENSG00000019991,ENSG00000105976,curated,TRUE,FALSE,0.056,,,,,,,,,,,,,,,,,,,,,,0.173,,,0.194,,,,,,,,,,,
CPI-CS07789F713,a2b1 complex_COL24A1,complex:a2b1 complex,simple:Q17RW2,,ENSG00000171502,curated,TRUE,TRUE,0.056,,,,,,,,,,,,,,,,,,,,,,,0.162,,,,0.193,,,,,,,,,
CPI-SC05FF723A3,BMP2_BMR1B_AVR2A,simple:P12643,complex:BMR1B_AVR2A,ENSG00000125845,,curated,TRUE,FALSE,0.056,,,,,,,,,,,,,,,,,,,,,,,,,,,,,0.113,,,,0.148,,,
CPI-SS0A683CBC1,WNT7B_FZD10,simple:P56706,simple:Q9ULW2,ENSG00000188064,ENSG00000111432,curated,TRUE,FALSE,0.056,,,,,,,,,,,,,,,,,,,,,,,,0.082,,,,,0.069,,,,,,,
CPI-SC0C403F032,BMP2_BMPR1B_BMPR2,simple:P12643,complex:BMPR1B_BMPR2,ENSG00000125845,,curated,TRUE,FALSE,0.056,,,,,,,,,,,,,,,,,,,,,,,,,,,,,0.113,,,,0.148,,,
CPI-CS0EA96A64E,a3b1 complex_CSPG4,complex:a3b1 complex,simple:Q6UVK1,,ENSG00000173546,curated,FALSE,TRUE,0.056,,,,,,,,0.18,,,,,,0.208,,,,,,,,,,,,,,,,,,,,,,
CPI-SC06525B099,L1CAM_aVb3 complex,simple:P32004,complex:aVb3 complex,ENSG00000198910,,curated,FALSE,TRUE,0.056,,,,,,,,0.076,,,,,,,,,,,,,,,0.097,,,,,,,,,,,,,
CPI-SS027CDC2CA,INSL6_NOTCH1,simple:Q9Y581,simple:P46531,ENSG00000120210,ENSG00000148400,InnateDB-All,TRUE,FALSE,0.056,,,,,,,,,,,,,,,,,,,,,,0.28,,,0.226,,,,,,,,,,,
CPI-SC070D5A96F,JAM2_a4b1 complex,simple:P57087,complex:a4b1 complex,ENSG00000154721,,curated,FALSE,TRUE,0.056,,,,,,,,,,0.11,,,,,,,,,,,,,,,,,,0.123,,,,,,,,
CPI-SC0E9C058EB,PLAUR_a4b1 complex,simple:Q03405,complex:a4b1 complex,ENSG00000011422,,curated,TRUE,TRUE,0.056,,,,,,,,,,,,,,,,,,,,,,,0.24,,,,0.29,,,,,,,,,
CPI-CS0C59AF029,IL33 receptor_IL33,complex:IL33 receptor,simple:O95760,,ENSG00000137033,curated,TRUE,FALSE,0.056,,,,,,,,,,,,,,,,,,,,,,0.347,,,0.481,,,,,,,,,,,
CPI-CS07B06D7C2,a2b1 complex_COL7A1,complex:a2b1 complex,simple:Q02388,,ENSG00000114270,curated,TRUE,TRUE,0.056,,,,,,,,,,,,,,,,,,,,,,,0.647,,,,0.678,,,,,,,,,
CPI-CS0F25E6DB5,a2b1 complex_COL8A1,complex:a2b1 complex,simple:P27658,,ENSG00000144810,curated,TRUE,TRUE,0.056,,,,,,,,,,,,,,,,,,,,,,,0.43,,,,0.461,,,,,,,,,
CPI-SS0491EECEA,CCL11_DPP4,simple:P51671,simple:P27487,ENSG00000172156,ENSG00000197635,curated,TRUE,FALSE,0.056,,,,0.416,,,,,,,,,,,,,,,,,0.411,,,,,,,,,,,,,,,
CPI-CS02899BF8B,ACVR_1B2A receptor_INHBB,complex:ACVR_1B2A receptor,simple:P09529,,ENSG00000163083,curated,TRUE,FALSE,0.056,,,,,,,,,,,,,0.155,,,,,,,,,,0.08,,,,,,,,,,,,,
CPI-CS073233FCC,ACVR_1A2A receptor_INHBB,complex:ACVR_1A2A receptor,simple:P09529,,ENSG00000163083,curated,TRUE,FALSE,0.056,,,,,,,,,,,,,0.149,,,,,,,,,,0.073,,,,,,,,,,,,,
CPI-SC0BACF0481,BMP7_BMR1A_ACR2A,simple:P18075,complex:BMR1A_ACR2A,ENSG00000101144,,curated,TRUE,FALSE,0.028,,,,,,,,,,,,,,,,,,,,,,,,,,,,,,,,0.333,,,,
CPI-SC028CAD37D,BMP7_ACVR_1A2A receptor,simple:P18075,complex:ACVR_1A2A receptor,ENSG00000101144,,curated,TRUE,FALSE,0.028,,,,,,,,,,,,,,,,,,,,,,,,,,,,,,,,0.333,,,,
CPI-SC001669E22,GDF11_TGFR_AVR2A,simple:O95390,complex:TGFR_AVR2A,ENSG00000135414,,curated,TRUE,FALSE,0.028,,,,,,,,,,,,,,,,,,,,,,0.061,,,,,,,,,,,,,,
CPI-SC0139F30ED,GDF11_ACVR_1B2A receptor,simple:O95390,complex:ACVR_1B2A receptor,ENSG00000135414,,curated,TRUE,FALSE,0.028,,,,,,,,,,,,,,,,,,,,,,0.068,,,,,,,,,,,,,,
CPI-SC0464F1C6E,BMP2_BMR1A_ACR2A,simple:P12643,complex:BMR1A_ACR2A,ENSG00000125845,,curated,TRUE,FALSE,0.028,,,,,,,,,,,,,,,,,,,,,,,,,,,,,,,0.139,,,,,
CPI-SS0FF49C823,EFNA1_EPHA1,simple:P20827,simple:P21709,ENSG00000169242,ENSG00000146904,curated,TRUE,FALSE,0.028,,,,,,,,,,,,,,,,,,,,,,,,,,,,,,,0.205,,,,,
CPI-SS00AEC3818,CCL19_ACKR4,simple:Q99731,simple:Q9NPB9,ENSG00000172724,ENSG00000129048,curated,TRUE,FALSE,0.028,,,,0.126,,,,,,,,,,,,,,,,,,,,,,,,,,,,,,,,